Va;Vb;Vc;Ia;Ib;Ic;RF;Factor_Carga;Nodo_Falla;Tipo_Falla
127,015;127,017;127,017;355,939;12,8642;16,3424;0;0,7;Nodo 2;LG A
127,015;127,017;127,017;355,939;12,0548;17,1486;0;1;Nodo 2;LG A
127,015;127,017;127,017;355,939;11,2543;17,9656;0;1,3;Nodo 2;LG A
127,017;127,017;127,017;139,848;1,78749;9,64008;0,5;0,7;Nodo 2;LG A
127,017;127,017;127,017;140,379;2,13443;10,1481;0,5;1;Nodo 2;LG A
127,017;127,017;127,017;140,912;2,74572;10,7274;0,5;1,3;Nodo 2;LG A
127,017;127,017;127,017;81,9926;1,26875;7,53788;1;0,7;Nodo 2;LG A
127,017;127,017;127,017;82,6763;2,0018;7,91648;1;1;Nodo 2;LG A
127,017;127,017;127,017;83,3647;2,85475;8,39931;1;1,3;Nodo 2;LG A
127,017;127,017;127,017;45,0771;2,75707;6,16523;2;0,7;Nodo 2;LG A
127,017;127,017;127,017;45,8436;3,12985;6,44287;2;1;Nodo 2;LG A
127,017;127,017;127,017;46,6176;3,71812;6,85626;2;1,3;Nodo 2;LG A
127,017;127,017;127,017;20,2322;3,81219;5,23015;5;0,7;Nodo 2;LG A
127,017;127,017;127,017;21,0095;4,02826;5,42555;5;1;Nodo 2;LG A
127,017;127,017;127,017;21,8035;4,4518;5,78682;5;1,3;Nodo 2;LG A
127,017;127,017;127,017;11,716;4,18394;4,9012;10;0,7;Nodo 2;LG A
127,017;127,017;127,017;12,4292;4,35378;5,06363;10;1;Nodo 2;LG A
127,017;127,017;127,017;13,1774;4,72501;5,40516;10;1,3;Nodo 2;LG A
127,017;127,017;127,017;7,66696;4,37324;4,73384;20;0,7;Nodo 2;LG A
127,017;127,017;127,017;8,25393;4,52077;4,87843;20;1;Nodo 2;LG A
127,017;127,017;127,017;8,91157;4,86638;5,20955;20;1,3;Nodo 2;LG A
127,017;127,017;127,017;5,5719;4,48788;4,63258;50;0,7;Nodo 2;LG A
127,017;127,017;127,017;5,9598;4,62226;4,76597;50;1;Nodo 2;LG A
127,017;127,017;127,017;6,47584;4,95265;5,09065;50;1,3;Nodo 2;LG A
127,017;127,015;127,017;16,3424;355,939;12,8642;0;0,7;Nodo 2;LG B
127,017;127,015;127,017;17,1486;355,939;12,0548;0;1;Nodo 2;LG B
127,017;127,015;127,017;17,9656;355,939;11,2543;0;1,3;Nodo 2;LG B
127,017;127,017;127,017;9,64008;139,848;1,78749;0,5;0,7;Nodo 2;LG B
127,017;127,017;127,017;10,1481;140,379;2,13443;0,5;1;Nodo 2;LG B
127,017;127,017;127,017;10,7274;140,912;2,74572;0,5;1,3;Nodo 2;LG B
127,017;127,017;127,017;7,53788;81,9926;1,26875;1;0,7;Nodo 2;LG B
127,017;127,017;127,017;7,91648;82,6763;2,0018;1;1;Nodo 2;LG B
127,017;127,017;127,017;8,39931;83,3647;2,85475;1;1,3;Nodo 2;LG B
127,017;127,017;127,017;6,16523;45,0771;2,75707;2;0,7;Nodo 2;LG B
127,017;127,017;127,017;6,44287;45,8436;3,12985;2;1;Nodo 2;LG B
127,017;127,017;127,017;6,85626;46,6176;3,71812;2;1,3;Nodo 2;LG B
127,017;127,017;127,017;5,23015;20,2322;3,81219;5;0,7;Nodo 2;LG B
127,017;127,017;127,017;5,42555;21,0095;4,02826;5;1;Nodo 2;LG B
127,017;127,017;127,017;5,78682;21,8035;4,4518;5;1,3;Nodo 2;LG B
127,017;127,017;127,017;4,9012;11,716;4,18394;10;0,7;Nodo 2;LG B
127,017;127,017;127,017;5,06363;12,4292;4,35378;10;1;Nodo 2;LG B
127,017;127,017;127,017;5,40516;13,1774;4,72501;10;1,3;Nodo 2;LG B
127,017;127,017;127,017;4,73384;7,66696;4,37324;20;0,7;Nodo 2;LG B
127,017;127,017;127,017;4,87843;8,25393;4,52077;20;1;Nodo 2;LG B
127,017;127,017;127,017;5,20955;8,91157;4,86638;20;1,3;Nodo 2;LG B
127,017;127,017;127,017;4,63258;5,5719;4,48788;50;0,7;Nodo 2;LG B
127,017;127,017;127,017;4,76597;5,9598;4,62226;50;1;Nodo 2;LG B
127,017;127,017;127,017;5,09065;6,47584;4,95265;50;1,3;Nodo 2;LG B
127,017;127,017;127,015;12,8642;16,3424;355,939;0;0,7;Nodo 2;LG C
127,017;127,017;127,015;12,0548;17,1486;355,939;0;1;Nodo 2;LG C
127,017;127,017;127,015;11,2543;17,9656;355,939;0;1,3;Nodo 2;LG C
127,017;127,017;127,017;1,78749;9,64008;139,848;0,5;0,7;Nodo 2;LG C
127,017;127,017;127,017;2,13443;10,1481;140,379;0,5;1;Nodo 2;LG C
127,017;127,017;127,017;2,74572;10,7274;140,912;0,5;1,3;Nodo 2;LG C
127,017;127,017;127,017;1,26875;7,53788;81,9926;1;0,7;Nodo 2;LG C
127,017;127,017;127,017;2,0018;7,91648;82,6763;1;1;Nodo 2;LG C
127,017;127,017;127,017;2,85475;8,39931;83,3647;1;1,3;Nodo 2;LG C
127,017;127,017;127,017;2,75707;6,16523;45,0771;2;0,7;Nodo 2;LG C
127,017;127,017;127,017;3,12985;6,44287;45,8436;2;1;Nodo 2;LG C
127,017;127,017;127,017;3,71812;6,85626;46,6176;2;1,3;Nodo 2;LG C
127,017;127,017;127,017;3,81219;5,23015;20,2322;5;0,7;Nodo 2;LG C
127,017;127,017;127,017;4,02826;5,42555;21,0095;5;1;Nodo 2;LG C
127,017;127,017;127,017;4,4518;5,78682;21,8035;5;1,3;Nodo 2;LG C
127,017;127,017;127,017;4,18394;4,9012;11,716;10;0,7;Nodo 2;LG C
127,017;127,017;127,017;4,35378;5,06363;12,4292;10;1;Nodo 2;LG C
127,017;127,017;127,017;4,72501;5,40516;13,1774;10;1,3;Nodo 2;LG C
127,017;127,017;127,017;4,37324;4,73384;7,66696;20;0,7;Nodo 2;LG C
127,017;127,017;127,017;4,52077;4,87843;8,25393;20;1;Nodo 2;LG C
127,017;127,017;127,017;4,86638;5,20955;8,91157;20;1,3;Nodo 2;LG C
127,017;127,017;127,017;4,48788;4,63258;5,5719;50;0,7;Nodo 2;LG C
127,017;127,017;127,017;4,62226;4,76597;5,9598;50;1;Nodo 2;LG C
127,017;127,017;127,017;4,95265;5,09065;6,47584;50;1,3;Nodo 2;LG C
127,016;127,015;127,017;310,098;306,411;4,56474;0;0,7;Nodo 2;LL AB
127,016;127,015;127,017;310,397;306,11;4,69044;0;1;Nodo 2;LL AB
127,016;127,015;127,017;310,696;305,809;5,01075;0;1,3;Nodo 2;LL AB
127,017;127,016;127,017;187,099;182,569;4,56474;0,5;0,7;Nodo 2;LL AB
127,017;127,016;127,017;187,393;182,721;4,69044;0,5;1;Nodo 2;LL AB
127,017;127,016;127,017;187,689;182,877;5,01075;0,5;1,3;Nodo 2;LL AB
127,017;127,016;127,017;125,919;121,368;4,56474;1;0,7;Nodo 2;LL AB
127,017;127,016;127,017;126,293;121,795;4,69044;1;1;Nodo 2;LL AB
127,017;127,016;127,017;126,67;122,227;5,01075;1;1,3;Nodo 2;LL AB
127,017;127,017;127,017;75,1928;70,7654;4,56474;2;0,7;Nodo 2;LL AB
127,017;127,017;127,017;75,6473;71,4322;4,69044;2;1;Nodo 2;LL AB
127,017;127,017;127,017;76,1098;72,1049;5,01075;2;1,3;Nodo 2;LL AB
127,017;127,017;127,017;35,1264;30,9606;4,56474;5;0,7;Nodo 2;LL AB
127,017;127,017;127,017;35,6268;31,8157;4,69044;5;1;Nodo 2;LL AB
127,017;127,017;127,017;36,1462;32,677;5,01075;5;1,3;Nodo 2;LL AB
127,017;127,017;127,017;19,9938;16,1258;4,56474;10;0,7;Nodo 2;LL AB
127,017;127,017;127,017;20,4801;17,0412;4,69044;10;1;Nodo 2;LL AB
127,017;127,017;127,017;21,0009;17,9632;5,01075;10;1,3;Nodo 2;LL AB
127,017;127,017;127,017;12,158;8,80609;4,56474;20;0,7;Nodo 2;LL AB
127,017;127,017;127,017;12,5937;9,69947;4,69044;20;1;Nodo 2;LL AB
127,017;127,017;127,017;13,0889;10,6087;5,01075;20;1,3;Nodo 2;LL AB
127,017;127,017;127,017;7,47685;5,26415;4,56474;50;0,7;Nodo 2;LL AB
127,017;127,017;127,017;7,81043;5,93392;4,69044;50;1;Nodo 2;LL AB
127,017;127,017;127,017;8,24888;6,68214;5,01075;50;1,3;Nodo 2;LL AB
127,017;127,016;127,015;4,56474;310,098;306,411;0;0,7;Nodo 2;LL BC
127,017;127,016;127,015;4,69044;310,397;306,11;0;1;Nodo 2;LL BC
127,017;127,016;127,015;5,01075;310,696;305,809;0;1,3;Nodo 2;LL BC
127,017;127,017;127,016;4,56474;187,099;182,569;0,5;0,7;Nodo 2;LL BC
127,017;127,017;127,016;4,69044;187,393;182,721;0,5;1;Nodo 2;LL BC
127,017;127,017;127,016;5,01075;187,689;182,877;0,5;1,3;Nodo 2;LL BC
127,017;127,017;127,016;4,56474;125,919;121,368;1;0,7;Nodo 2;LL BC
127,017;127,017;127,016;4,69044;126,293;121,795;1;1;Nodo 2;LL BC
127,017;127,017;127,016;5,01075;126,67;122,227;1;1,3;Nodo 2;LL BC
127,017;127,017;127,017;4,56474;75,1928;70,7654;2;0,7;Nodo 2;LL BC
127,017;127,017;127,017;4,69044;75,6473;71,4322;2;1;Nodo 2;LL BC
127,017;127,017;127,017;5,01075;76,1098;72,1049;2;1,3;Nodo 2;LL BC
127,017;127,017;127,017;4,56474;35,1264;30,9606;5;0,7;Nodo 2;LL BC
127,017;127,017;127,017;4,69044;35,6268;31,8157;5;1;Nodo 2;LL BC
127,017;127,017;127,017;5,01075;36,1462;32,677;5;1,3;Nodo 2;LL BC
127,017;127,017;127,017;4,56474;19,9938;16,1258;10;0,7;Nodo 2;LL BC
127,017;127,017;127,017;4,69044;20,4801;17,0412;10;1;Nodo 2;LL BC
127,017;127,017;127,017;5,01075;21,0009;17,9632;10;1,3;Nodo 2;LL BC
127,017;127,017;127,017;4,56474;12,158;8,80609;20;0,7;Nodo 2;LL BC
127,017;127,017;127,017;4,69044;12,5937;9,69947;20;1;Nodo 2;LL BC
127,017;127,017;127,017;5,01075;13,0889;10,6087;20;1,3;Nodo 2;LL BC
127,017;127,017;127,017;4,56474;7,47685;5,26415;50;0,7;Nodo 2;LL BC
127,017;127,017;127,017;4,69044;7,81043;5,93392;50;1;Nodo 2;LL BC
127,017;127,017;127,017;5,01075;8,24888;6,68214;50;1,3;Nodo 2;LL BC
127,015;127,017;127,016;306,411;4,56474;310,098;0;0,7;Nodo 2;LL CA
127,015;127,017;127,016;306,11;4,69044;310,397;0;1;Nodo 2;LL CA
127,015;127,017;127,016;305,809;5,01075;310,696;0;1,3;Nodo 2;LL CA
127,016;127,017;127,017;182,569;4,56474;187,099;0,5;0,7;Nodo 2;LL CA
127,016;127,017;127,017;182,721;4,69044;187,393;0,5;1;Nodo 2;LL CA
127,016;127,017;127,017;182,877;5,01075;187,689;0,5;1,3;Nodo 2;LL CA
127,016;127,017;127,017;121,368;4,56474;125,919;1;0,7;Nodo 2;LL CA
127,016;127,017;127,017;121,795;4,69044;126,293;1;1;Nodo 2;LL CA
127,016;127,017;127,017;122,227;5,01075;126,67;1;1,3;Nodo 2;LL CA
127,017;127,017;127,017;70,7654;4,56474;75,1928;2;0,7;Nodo 2;LL CA
127,017;127,017;127,017;71,4322;4,69044;75,6473;2;1;Nodo 2;LL CA
127,017;127,017;127,017;72,1049;5,01075;76,1098;2;1,3;Nodo 2;LL CA
127,017;127,017;127,017;30,9606;4,56474;35,1264;5;0,7;Nodo 2;LL CA
127,017;127,017;127,017;31,8157;4,69044;35,6268;5;1;Nodo 2;LL CA
127,017;127,017;127,017;32,677;5,01075;36,1462;5;1,3;Nodo 2;LL CA
127,017;127,017;127,017;16,1258;4,56474;19,9938;10;0,7;Nodo 2;LL CA
127,017;127,017;127,017;17,0412;4,69044;20,4801;10;1;Nodo 2;LL CA
127,017;127,017;127,017;17,9632;5,01075;21,0009;10;1,3;Nodo 2;LL CA
127,017;127,017;127,017;8,80609;4,56474;12,158;20;0,7;Nodo 2;LL CA
127,017;127,017;127,017;9,69947;4,69044;12,5937;20;1;Nodo 2;LL CA
127,017;127,017;127,017;10,6087;5,01075;13,0889;20;1,3;Nodo 2;LL CA
127,017;127,017;127,017;5,26415;4,56474;7,47685;50;0,7;Nodo 2;LL CA
127,017;127,017;127,017;5,93392;4,69044;7,81043;50;1;Nodo 2;LL CA
127,017;127,017;127,017;6,68214;5,01075;8,24888;50;1,3;Nodo 2;LL CA
127,017;127,015;127,015;12,7714;355,939;355,939;0;0,7;Nodo 2;LLG ABG
127,017;127,015;127,015;13,0981;355,939;355,939;0;1;Nodo 2;LLG ABG
127,017;127,015;127,015;13,458;355,939;355,939;0;1,3;Nodo 2;LLG ABG
127,017;127,017;127,017;6,04968;144,469;138,111;0,5;0,7;Nodo 2;LLG ABG
127,017;127,017;127,017;6,90095;144,974;138,596;0,5;1;Nodo 2;LLG ABG
127,017;127,017;127,017;7,76832;145,482;139,085;0,5;1,3;Nodo 2;LLG ABG
127,017;127,017;127,017;4,94613;85,0339;81,2293;1;0,7;Nodo 2;LLG ABG
127,017;127,017;127,017;5,64077;85,7031;81,8838;1;1;Nodo 2;LLG ABG
127,017;127,017;127,017;6,40265;86,3772;82,5429;1;1,3;Nodo 2;LLG ABG
127,017;127,017;127,017;4,57853;46,816;44,735;2;0,7;Nodo 2;LLG ABG
127,017;127,017;127,017;5,05693;47,5724;45,4918;2;1;Nodo 2;LLG ABG
127,017;127,017;127,017;5,66283;48,3365;46,2555;2;1,3;Nodo 2;LLG ABG
127,017;127,017;127,017;4,51508;21,002;20,0435;5;0,7;Nodo 2;LLG ABG
127,017;127,017;127,017;4,79712;21,7712;20,8294;5;1;Nodo 2;LLG ABG
127,017;127,017;127,017;5,24981;22,5574;21,6304;5;1,3;Nodo 2;LLG ABG
127,017;127,017;127,017;4,52984;12,1223;11,5659;10;0,7;Nodo 2;LLG ABG
127,017;127,017;127,017;4,73584;12,83;12,2943;10;1;Nodo 2;LLG ABG
127,017;127,017;127,017;5,12543;13,5727;13,0557;10;1,3;Nodo 2;LLG ABG
127,017;127,017;127,017;4,54471;7,87423;7,55321;20;0,7;Nodo 2;LLG ABG
127,017;127,017;127,017;4,71103;8,45998;8,15554;20;1;Nodo 2;LLG ABG
127,017;127,017;127,017;5,06675;9,11531;8,82648;20;1,3;Nodo 2;LLG ABG
127,017;127,017;127,017;4,5561;5,6512;5,50902;50;0,7;Nodo 2;LLG ABG
127,017;127,017;127,017;4,69816;6,04144;5,90577;50;1;Nodo 2;LLG ABG
127,017;127,017;127,017;5,03281;6,55809;6,43011;50;1,3;Nodo 2;LLG ABG
127,017;127,015;127,015;12,7714;355,939;355,939;0;0,7;Nodo 2;LLG BCG
127,017;127,015;127,015;13,0981;355,939;355,939;0;1;Nodo 2;LLG BCG
127,017;127,015;127,015;13,458;355,939;355,939;0;1,3;Nodo 2;LLG BCG
127,017;127,017;127,017;6,04968;144,469;138,111;0,5;0,7;Nodo 2;LLG BCG
127,017;127,017;127,017;6,90095;144,974;138,596;0,5;1;Nodo 2;LLG BCG
127,017;127,017;127,017;7,76832;145,482;139,085;0,5;1,3;Nodo 2;LLG BCG
127,017;127,017;127,017;4,94613;85,0339;81,2293;1;0,7;Nodo 2;LLG BCG
127,017;127,017;127,017;5,64077;85,7031;81,8838;1;1;Nodo 2;LLG BCG
127,017;127,017;127,017;6,40265;86,3772;82,5429;1;1,3;Nodo 2;LLG BCG
127,017;127,017;127,017;4,57853;46,816;44,735;2;0,7;Nodo 2;LLG BCG
127,017;127,017;127,017;5,05693;47,5724;45,4918;2;1;Nodo 2;LLG BCG
127,017;127,017;127,017;5,66283;48,3365;46,2555;2;1,3;Nodo 2;LLG BCG
127,017;127,017;127,017;4,51508;21,002;20,0435;5;0,7;Nodo 2;LLG BCG
127,017;127,017;127,017;4,79712;21,7712;20,8294;5;1;Nodo 2;LLG BCG
127,017;127,017;127,017;5,24981;22,5574;21,6304;5;1,3;Nodo 2;LLG BCG
127,017;127,017;127,017;4,52984;12,1223;11,5659;10;0,7;Nodo 2;LLG BCG
127,017;127,017;127,017;4,73584;12,83;12,2943;10;1;Nodo 2;LLG BCG
127,017;127,017;127,017;5,12543;13,5727;13,0557;10;1,3;Nodo 2;LLG BCG
127,017;127,017;127,017;4,54471;7,87423;7,55321;20;0,7;Nodo 2;LLG BCG
127,017;127,017;127,017;4,71103;8,45998;8,15554;20;1;Nodo 2;LLG BCG
127,017;127,017;127,017;5,06675;9,11531;8,82648;20;1,3;Nodo 2;LLG BCG
127,017;127,017;127,017;4,5561;5,6512;5,50902;50;0,7;Nodo 2;LLG BCG
127,017;127,017;127,017;4,69816;6,04144;5,90577;50;1;Nodo 2;LLG BCG
127,017;127,017;127,017;5,03281;6,55809;6,43011;50;1,3;Nodo 2;LLG BCG
127,017;127,015;127,015;12,7714;355,939;355,939;0;0,7;Nodo 2;LLG CAG
127,017;127,015;127,015;13,0981;355,939;355,939;0;1;Nodo 2;LLG CAG
127,017;127,015;127,015;13,458;355,939;355,939;0;1,3;Nodo 2;LLG CAG
127,017;127,017;127,017;6,04968;144,469;138,111;0,5;0,7;Nodo 2;LLG CAG
127,017;127,017;127,017;6,90095;144,974;138,596;0,5;1;Nodo 2;LLG CAG
127,017;127,017;127,017;7,76832;145,482;139,085;0,5;1,3;Nodo 2;LLG CAG
127,017;127,017;127,017;4,94613;85,0339;81,2293;1;0,7;Nodo 2;LLG CAG
127,017;127,017;127,017;5,64077;85,7031;81,8838;1;1;Nodo 2;LLG CAG
127,017;127,017;127,017;6,40265;86,3772;82,5429;1;1,3;Nodo 2;LLG CAG
127,017;127,017;127,017;4,57853;46,816;44,735;2;0,7;Nodo 2;LLG CAG
127,017;127,017;127,017;5,05693;47,5724;45,4918;2;1;Nodo 2;LLG CAG
127,017;127,017;127,017;5,66283;48,3365;46,2555;2;1,3;Nodo 2;LLG CAG
127,017;127,017;127,017;4,51508;21,002;20,0435;5;0,7;Nodo 2;LLG CAG
127,017;127,017;127,017;4,79712;21,7712;20,8294;5;1;Nodo 2;LLG CAG
127,017;127,017;127,017;5,24981;22,5574;21,6304;5;1,3;Nodo 2;LLG CAG
127,017;127,017;127,017;4,52984;12,1223;11,5659;10;0,7;Nodo 2;LLG CAG
127,017;127,017;127,017;4,73584;12,83;12,2943;10;1;Nodo 2;LLG CAG
127,017;127,017;127,017;5,12543;13,5727;13,0557;10;1,3;Nodo 2;LLG CAG
127,017;127,017;127,017;4,54471;7,87423;7,55321;20;0,7;Nodo 2;LLG CAG
127,017;127,017;127,017;4,71103;8,45998;8,15554;20;1;Nodo 2;LLG CAG
127,017;127,017;127,017;5,06675;9,11531;8,82648;20;1,3;Nodo 2;LLG CAG
127,017;127,017;127,017;4,5561;5,6512;5,50902;50;0,7;Nodo 2;LLG CAG
127,017;127,017;127,017;4,69816;6,04144;5,90577;50;1;Nodo 2;LLG CAG
127,017;127,017;127,017;5,03281;6,55809;6,43011;50;1,3;Nodo 2;LLG CAG
127,015;127,015;127,015;355,939;355,939;355,939;0;0,7;Nodo 2;LLL ABC
127,015;127,015;127,015;355,939;355,939;355,939;0;1;Nodo 2;LLL ABC
127,015;127,015;127,015;355,939;355,939;355,939;0;1,3;Nodo 2;LLL ABC
127,017;127,017;127,017;142,771;142,771;142,771;0,5;0,7;Nodo 2;LLL ABC
127,017;127,017;127,017;143,232;143,232;143,232;0,5;1;Nodo 2;LLL ABC
127,017;127,017;127,017;143,695;143,695;143,695;0,5;1,3;Nodo 2;LLL ABC
127,017;127,017;127,017;84,2666;84,2666;84,2666;1;0,7;Nodo 2;LLL ABC
127,017;127,017;127,017;84,9081;84,9081;84,9081;1;1;Nodo 2;LLL ABC
127,017;127,017;127,017;85,5541;85,5541;85,5541;1;1,3;Nodo 2;LLL ABC
127,017;127,017;127,017;46,4597;46,4597;46,4597;2;0,7;Nodo 2;LLL ABC
127,017;127,017;127,017;47,2074;47,2074;47,2074;2;1;Nodo 2;LLL ABC
127,017;127,017;127,017;47,9622;47,9622;47,9622;2;1,3;Nodo 2;LLL ABC
127,017;127,017;127,017;20,8067;20,8067;20,8067;5;0,7;Nodo 2;LLL ABC
127,017;127,017;127,017;21,5845;21,5845;21,5845;5;1;Nodo 2;LLL ABC
127,017;127,017;127,017;22,378;22,378;22,378;5;1,3;Nodo 2;LLL ABC
127,017;127,017;127,017;11,9707;11,9707;11,9707;10;0,7;Nodo 2;LLL ABC
127,017;127,017;127,017;12,6933;12,6933;12,6933;10;1;Nodo 2;LLL ABC
127,017;127,017;127,017;13,4489;13,4489;13,4489;10;1,3;Nodo 2;LLL ABC
127,017;127,017;127,017;7,76084;7,76084;7,76084;20;0,7;Nodo 2;LLL ABC
127,017;127,017;127,017;8,36158;8,36158;8,36158;20;1;Nodo 2;LLL ABC
127,017;127,017;127,017;9,02993;9,02993;9,02993;20;1,3;Nodo 2;LLL ABC
127,017;127,017;127,017;5,5886;5,5886;5,5886;50;0,7;Nodo 2;LLL ABC
127,017;127,017;127,017;5,98758;5,98758;5,98758;50;1;Nodo 2;LLL ABC
127,017;127,017;127,017;6,51243;6,51243;6,51243;50;1,3;Nodo 2;LLL ABC
127,016;127,017;127,017;122,937;3,88752;6,91438;0;0,7;Nodo 3;LG A
127,016;127,017;127,017;123,201;3,0139;7,62129;0;1;Nodo 3;LG A
127,016;127,017;127,017;123,467;2,15203;8,37002;0;1,3;Nodo 3;LG A
127,017;127,017;127,017;74,1144;1,33682;6,58405;0,5;0,7;Nodo 3;LG A
127,017;127,017;127,017;74,6851;1,1478;7,06458;0,5;1;Nodo 3;LG A
127,017;127,017;127,017;75,2598;1,55643;7,6446;0,5;1,3;Nodo 3;LG A
127,017;127,017;127,017;50,2804;2,15897;6,06125;1;0,7;Nodo 3;LG A
127,017;127,017;127,017;50,9744;2,34721;6,426;1;1;Nodo 3;LG A
127,017;127,017;127,017;51,6734;2,83265;6,91805;1;1,3;Nodo 3;LG A
127,017;127,017;127,017;30,4206;3,15528;5,50987;2;0,7;Nodo 3;LG A
127,017;127,017;127,017;31,1952;3,36123;5,77672;2;1;Nodo 3;LG A
127,017;127,017;127,017;31,9775;3,79598;6,19583;2;1,3;Nodo 3;LG A
127,017;127,017;127,017;14,7774;3,95418;5,00355;5;0,7;Nodo 3;LG A
127,017;127,017;127,017;15,5546;4,12324;5,19165;5;1;Nodo 3;LG A
127,017;127,017;127,017;16,3514;4,49788;5,55427;5;1,3;Nodo 3;LG A
127,017;127,017;127,017;9,11032;4,25236;4,79546;10;0,7;Nodo 3;LG A
127,017;127,017;127,017;9,80117;4,40159;4,95338;10;1;Nodo 3;LG A
127,017;127,017;127,017;10,5369;4,75057;5,29519;10;1,3;Nodo 3;LG A
127,017;127,017;127,017;6,46469;4,40688;4,68303;20;0,7;Nodo 3;LG A
127,017;127,017;127,017;7,00604;4,5448;4,8251;20;1;Nodo 3;LG A
127,017;127,017;127,017;7,6354;4,87982;5,15622;20;1,3;Nodo 3;LG A
127,017;127,017;127,017;5,16333;4,50121;4,61277;50;0,7;Nodo 3;LG A
127,017;127,017;127,017;5,50619;4,63191;4,74508;50;1;Nodo 3;LG A
127,017;127,017;127,017;5,99264;4,95819;5,06973;50;1,3;Nodo 3;LG A
127,017;127,016;127,017;6,91438;122,937;3,88752;0;0,7;Nodo 3;LG B
127,017;127,016;127,017;7,62129;123,201;3,0139;0;1;Nodo 3;LG B
127,017;127,016;127,017;8,37002;123,467;2,15203;0;1,3;Nodo 3;LG B
127,017;127,017;127,017;6,58405;74,1144;1,33682;0,5;0,7;Nodo 3;LG B
127,017;127,017;127,017;7,06458;74,6851;1,1478;0,5;1;Nodo 3;LG B
127,017;127,017;127,017;7,6446;75,2598;1,55643;0,5;1,3;Nodo 3;LG B
127,017;127,017;127,017;6,06125;50,2804;2,15897;1;0,7;Nodo 3;LG B
127,017;127,017;127,017;6,426;50,9744;2,34721;1;1;Nodo 3;LG B
127,017;127,017;127,017;6,91805;51,6734;2,83265;1;1,3;Nodo 3;LG B
127,017;127,017;127,017;5,50987;30,4206;3,15528;2;0,7;Nodo 3;LG B
127,017;127,017;127,017;5,77672;31,1952;3,36123;2;1;Nodo 3;LG B
127,017;127,017;127,017;6,19583;31,9775;3,79598;2;1,3;Nodo 3;LG B
127,017;127,017;127,017;5,00355;14,7774;3,95418;5;0,7;Nodo 3;LG B
127,017;127,017;127,017;5,19165;15,5546;4,12324;5;1;Nodo 3;LG B
127,017;127,017;127,017;5,55427;16,3514;4,49788;5;1,3;Nodo 3;LG B
127,017;127,017;127,017;4,79546;9,11032;4,25236;10;0,7;Nodo 3;LG B
127,017;127,017;127,017;4,95338;9,80117;4,40159;10;1;Nodo 3;LG B
127,017;127,017;127,017;5,29519;10,5369;4,75057;10;1,3;Nodo 3;LG B
127,017;127,017;127,017;4,68303;6,46469;4,40688;20;0,7;Nodo 3;LG B
127,017;127,017;127,017;4,8251;7,00604;4,5448;20;1;Nodo 3;LG B
127,017;127,017;127,017;5,15622;7,6354;4,87982;20;1,3;Nodo 3;LG B
127,017;127,017;127,017;4,61277;5,16333;4,50121;50;0,7;Nodo 3;LG B
127,017;127,017;127,017;4,74508;5,50619;4,63191;50;1;Nodo 3;LG B
127,017;127,017;127,017;5,06973;5,99264;4,95819;50;1,3;Nodo 3;LG B
127,017;127,017;127,016;3,88752;6,91438;122,937;0;0,7;Nodo 3;LG C
127,017;127,017;127,016;3,0139;7,62129;123,201;0;1;Nodo 3;LG C
127,017;127,017;127,016;2,15203;8,37002;123,467;0;1,3;Nodo 3;LG C
127,017;127,017;127,017;1,33682;6,58405;74,1144;0,5;0,7;Nodo 3;LG C
127,017;127,017;127,017;1,1478;7,06458;74,6851;0,5;1;Nodo 3;LG C
127,017;127,017;127,017;1,55643;7,6446;75,2598;0,5;1,3;Nodo 3;LG C
127,017;127,017;127,017;2,15897;6,06125;50,2804;1;0,7;Nodo 3;LG C
127,017;127,017;127,017;2,34721;6,426;50,9744;1;1;Nodo 3;LG C
127,017;127,017;127,017;2,83265;6,91805;51,6734;1;1,3;Nodo 3;LG C
127,017;127,017;127,017;3,15528;5,50987;30,4206;2;0,7;Nodo 3;LG C
127,017;127,017;127,017;3,36123;5,77672;31,1952;2;1;Nodo 3;LG C
127,017;127,017;127,017;3,79598;6,19583;31,9775;2;1,3;Nodo 3;LG C
127,017;127,017;127,017;3,95418;5,00355;14,7774;5;0,7;Nodo 3;LG C
127,017;127,017;127,017;4,12324;5,19165;15,5546;5;1;Nodo 3;LG C
127,017;127,017;127,017;4,49788;5,55427;16,3514;5;1,3;Nodo 3;LG C
127,017;127,017;127,017;4,25236;4,79546;9,11032;10;0,7;Nodo 3;LG C
127,017;127,017;127,017;4,40159;4,95338;9,80117;10;1;Nodo 3;LG C
127,017;127,017;127,017;4,75057;5,29519;10,5369;10;1,3;Nodo 3;LG C
127,017;127,017;127,017;4,40688;4,68303;6,46469;20;0,7;Nodo 3;LG C
127,017;127,017;127,017;4,5448;4,8251;7,00604;20;1;Nodo 3;LG C
127,017;127,017;127,017;4,87982;5,15622;7,6354;20;1,3;Nodo 3;LG C
127,017;127,017;127,017;4,50121;4,61277;5,16333;50;0,7;Nodo 3;LG C
127,017;127,017;127,017;4,63191;4,74508;5,50619;50;1;Nodo 3;LG C
127,017;127,017;127,017;4,95819;5,06973;5,99264;50;1,3;Nodo 3;LG C
127,017;127,016;127,017;111,454;107,82;4,56474;0;0,7;Nodo 3;LL AB
127,017;127,016;127,017;111,944;107,692;4,69044;0;1;Nodo 3;LL AB
127,017;127,016;127,017;112,436;107,568;5,01075;0;1,3;Nodo 3;LL AB
127,017;127,016;127,017;86,6597;82,3635;4,56474;0,5;0,7;Nodo 3;LL AB
127,017;127,016;127,017;87,1584;82,5086;4,69044;0,5;1;Nodo 3;LL AB
127,017;127,016;127,017;87,661;82,6604;5,01075;0,5;1,3;Nodo 3;LL AB
127,017;127,017;127,017;68,4323;63,9245;4,56474;1;0,7;Nodo 3;LL AB
127,017;127,017;127,017;68,9484;64,2646;4,69044;1;1;Nodo 3;LL AB
127,017;127,017;127,017;69,4704;64,6122;5,01075;1;1,3;Nodo 3;LL AB
127,017;127,017;127,017;47,2375;42,6788;4,56474;2;0,7;Nodo 3;LL AB
127,017;127,017;127,017;47,7801;43,2469;4,69044;2;1;Nodo 3;LL AB
127,017;127,017;127,017;48,3334;43,823;5,01075;2;1,3;Nodo 3;LL AB
127,017;127,017;127,017;24,9896;20,6472;4,56474;5;0,7;Nodo 3;LL AB
127,017;127,017;127,017;25,5396;21,4521;4,69044;5;1;Nodo 3;LL AB
127,017;127,017;127,017;26,1136;22,2641;5,01075;5;1,3;Nodo 3;LL AB
127,017;127,017;127,017;15,1671;11,2071;4,56474;10;0,7;Nodo 3;LL AB
127,017;127,017;127,017;15,6805;12,0983;4,69044;10;1;Nodo 3;LL AB
127,017;127,017;127,017;16,2368;12,9962;5,01075;10;1,3;Nodo 3;LL AB
127,017;127,017;127,017;9,81399;6,55124;4,56474;20;0,7;Nodo 3;LL AB
127,017;127,017;127,017;10,2553;7,40211;4,69044;20;1;Nodo 3;LL AB
127,017;127,017;127,017;10,7687;8,27737;5,01075;20;1,3;Nodo 3;LL AB
127,017;127,017;127,017;6,57212;4,64585;4,56474;50;0,7;Nodo 3;LL AB
127,017;127,017;127,017;6,89344;5,22107;4,69044;50;1;Nodo 3;LL AB
127,017;127,017;127,017;7,33409;5,90269;5,01075;50;1,3;Nodo 3;LL AB
127,017;127,017;127,016;4,56474;111,454;107,82;0;0,7;Nodo 3;LL BC
127,017;127,017;127,016;4,69044;111,944;107,692;0;1;Nodo 3;LL BC
127,017;127,017;127,016;5,01075;112,436;107,568;0;1,3;Nodo 3;LL BC
127,017;127,017;127,016;4,56474;86,6597;82,3635;0,5;0,7;Nodo 3;LL BC
127,017;127,017;127,016;4,69044;87,1584;82,5086;0,5;1;Nodo 3;LL BC
127,017;127,017;127,016;5,01075;87,661;82,6604;0,5;1,3;Nodo 3;LL BC
127,017;127,017;127,017;4,56474;68,4323;63,9245;1;0,7;Nodo 3;LL BC
127,017;127,017;127,017;4,69044;68,9484;64,2646;1;1;Nodo 3;LL BC
127,017;127,017;127,017;5,01075;69,4704;64,6122;1;1,3;Nodo 3;LL BC
127,017;127,017;127,017;4,56474;47,2375;42,6788;2;0,7;Nodo 3;LL BC
127,017;127,017;127,017;4,69044;47,7801;43,2469;2;1;Nodo 3;LL BC
127,017;127,017;127,017;5,01075;48,3334;43,823;2;1,3;Nodo 3;LL BC
127,017;127,017;127,017;4,56474;24,9896;20,6472;5;0,7;Nodo 3;LL BC
127,017;127,017;127,017;4,69044;25,5396;21,4521;5;1;Nodo 3;LL BC
127,017;127,017;127,017;5,01075;26,1136;22,2641;5;1,3;Nodo 3;LL BC
127,017;127,017;127,017;4,56474;15,1671;11,2071;10;0,7;Nodo 3;LL BC
127,017;127,017;127,017;4,69044;15,6805;12,0983;10;1;Nodo 3;LL BC
127,017;127,017;127,017;5,01075;16,2368;12,9962;10;1,3;Nodo 3;LL BC
127,017;127,017;127,017;4,56474;9,81399;6,55124;20;0,7;Nodo 3;LL BC
127,017;127,017;127,017;4,69044;10,2553;7,40211;20;1;Nodo 3;LL BC
127,017;127,017;127,017;5,01075;10,7687;8,27737;20;1,3;Nodo 3;LL BC
127,017;127,017;127,017;4,56474;6,57212;4,64585;50;0,7;Nodo 3;LL BC
127,017;127,017;127,017;4,69044;6,89344;5,22107;50;1;Nodo 3;LL BC
127,017;127,017;127,017;5,01075;7,33409;5,90269;50;1,3;Nodo 3;LL BC
127,016;127,017;127,017;107,82;4,56474;111,454;0;0,7;Nodo 3;LL CA
127,016;127,017;127,017;107,692;4,69044;111,944;0;1;Nodo 3;LL CA
127,016;127,017;127,017;107,568;5,01075;112,436;0;1,3;Nodo 3;LL CA
127,016;127,017;127,017;82,3635;4,56474;86,6597;0,5;0,7;Nodo 3;LL CA
127,016;127,017;127,017;82,5086;4,69044;87,1584;0,5;1;Nodo 3;LL CA
127,016;127,017;127,017;82,6604;5,01075;87,661;0,5;1,3;Nodo 3;LL CA
127,017;127,017;127,017;63,9245;4,56474;68,4323;1;0,7;Nodo 3;LL CA
127,017;127,017;127,017;64,2646;4,69044;68,9484;1;1;Nodo 3;LL CA
127,017;127,017;127,017;64,6122;5,01075;69,4704;1;1,3;Nodo 3;LL CA
127,017;127,017;127,017;42,6788;4,56474;47,2375;2;0,7;Nodo 3;LL CA
127,017;127,017;127,017;43,2469;4,69044;47,7801;2;1;Nodo 3;LL CA
127,017;127,017;127,017;43,823;5,01075;48,3334;2;1,3;Nodo 3;LL CA
127,017;127,017;127,017;20,6472;4,56474;24,9896;5;0,7;Nodo 3;LL CA
127,017;127,017;127,017;21,4521;4,69044;25,5396;5;1;Nodo 3;LL CA
127,017;127,017;127,017;22,2641;5,01075;26,1136;5;1,3;Nodo 3;LL CA
127,017;127,017;127,017;11,2071;4,56474;15,1671;10;0,7;Nodo 3;LL CA
127,017;127,017;127,017;12,0983;4,69044;15,6805;10;1;Nodo 3;LL CA
127,017;127,017;127,017;12,9962;5,01075;16,2368;10;1,3;Nodo 3;LL CA
127,017;127,017;127,017;6,55124;4,56474;9,81399;20;0,7;Nodo 3;LL CA
127,017;127,017;127,017;7,40211;4,69044;10,2553;20;1;Nodo 3;LL CA
127,017;127,017;127,017;8,27737;5,01075;10,7687;20;1,3;Nodo 3;LL CA
127,017;127,017;127,017;4,64585;4,56474;6,57212;50;0,7;Nodo 3;LL CA
127,017;127,017;127,017;5,22107;4,69044;6,89344;50;1;Nodo 3;LL CA
127,017;127,017;127,017;5,90269;5,01075;7,33409;50;1,3;Nodo 3;LL CA
127,017;127,016;127,016;2,36146;126,531;123,046;0;0,7;Nodo 3;LLG ABG
127,017;127,016;127,016;3,04342;126,813;123,244;0;1;Nodo 3;LLG ABG
127,017;127,016;127,016;3,76659;127,097;123,446;0;1,3;Nodo 3;LLG ABG
127,017;127,017;127,017;3,36244;76,8768;73,6792;0,5;0,7;Nodo 3;LLG ABG
127,017;127,017;127,017;4,06463;77,4322;74,1881;0,5;1;Nodo 3;LLG ABG
127,017;127,017;127,017;4,82747;77,9913;74,7012;0,5;1,3;Nodo 3;LLG ABG
127,017;127,017;127,017;3,83884;52,3054;49,9091;1;0,7;Nodo 3;LLG ABG
127,017;127,017;127,017;4,37219;52,9868;50,5563;1;1;Nodo 3;LLG ABG
127,017;127,017;127,017;5,02133;53,6734;51,2085;1;1,3;Nodo 3;LLG ABG
127,017;127,017;127,017;4,17884;31,6969;30,141;2;0,7;Nodo 3;LLG ABG
127,017;127,017;127,017;4,5501;32,4618;30,8916;2;1;Nodo 3;LLG ABG
127,017;127,017;127,017;5,07648;33,2349;31,6493;2;1,3;Nodo 3;LLG ABG
127,017;127,017;127,017;4,40937;15,3798;14,5716;5;0,7;Nodo 3;LLG ABG
127,017;127,017;127,017;4,6446;16,1494;15,3508;5;1;Nodo 3;LLG ABG
127,017;127,017;127,017;5,05968;16,9395;16,1475;5;1,3;Nodo 3;LLG ABG
127,017;127,017;127,017;4,48752;9,42916;8,94786;10;0,7;Nodo 3;LLG ABG
127,017;127,017;127,017;4,66992;10,1162;9,65033;10;1;Nodo 3;LLG ABG
127,017;127,017;127,017;5,03985;10,8482;10,3949;10;1,3;Nodo 3;LLG ABG
127,017;127,017;127,017;4,52633;6,62249;6,35106;20;0,7;Nodo 3;LLG ABG
127,017;127,017;127,017;4,68085;7,16483;6,90405;20;1;Nodo 3;LLG ABG
127,017;127,017;127,017;5,02654;7,79386;7,54305;20;1,3;Nodo 3;LLG ABG
127,017;127,017;127,017;4,54943;5,22105;5,10667;50;0,7;Nodo 3;LLG ABG
127,017;127,017;127,017;4,68677;5,56704;5,45536;50;1;Nodo 3;LLG ABG
127,017;127,017;127,017;5,01738;6,0551;5,94735;50;1,3;Nodo 3;LLG ABG
127,017;127,016;127,016;2,36146;126,531;123,046;0;0,7;Nodo 3;LLG BCG
127,017;127,016;127,016;3,04342;126,813;123,244;0;1;Nodo 3;LLG BCG
127,017;127,016;127,016;3,76659;127,097;123,446;0;1,3;Nodo 3;LLG BCG
127,017;127,017;127,017;3,36244;76,8768;73,6792;0,5;0,7;Nodo 3;LLG BCG
127,017;127,017;127,017;4,06463;77,4322;74,1881;0,5;1;Nodo 3;LLG BCG
127,017;127,017;127,017;4,82747;77,9913;74,7012;0,5;1,3;Nodo 3;LLG BCG
127,017;127,017;127,017;3,83884;52,3054;49,9091;1;0,7;Nodo 3;LLG BCG
127,017;127,017;127,017;4,37219;52,9868;50,5563;1;1;Nodo 3;LLG BCG
127,017;127,017;127,017;5,02133;53,6734;51,2085;1;1,3;Nodo 3;LLG BCG
127,017;127,017;127,017;4,17884;31,6969;30,141;2;0,7;Nodo 3;LLG BCG
127,017;127,017;127,017;4,5501;32,4618;30,8916;2;1;Nodo 3;LLG BCG
127,017;127,017;127,017;5,07648;33,2349;31,6493;2;1,3;Nodo 3;LLG BCG
127,017;127,017;127,017;4,40937;15,3798;14,5716;5;0,7;Nodo 3;LLG BCG
127,017;127,017;127,017;4,6446;16,1494;15,3508;5;1;Nodo 3;LLG BCG
127,017;127,017;127,017;5,05968;16,9395;16,1475;5;1,3;Nodo 3;LLG BCG
127,017;127,017;127,017;4,48752;9,42916;8,94786;10;0,7;Nodo 3;LLG BCG
127,017;127,017;127,017;4,66992;10,1162;9,65033;10;1;Nodo 3;LLG BCG
127,017;127,017;127,017;5,03985;10,8482;10,3949;10;1,3;Nodo 3;LLG BCG
127,017;127,017;127,017;4,52633;6,62249;6,35106;20;0,7;Nodo 3;LLG BCG
127,017;127,017;127,017;4,68085;7,16483;6,90405;20;1;Nodo 3;LLG BCG
127,017;127,017;127,017;5,02654;7,79386;7,54305;20;1,3;Nodo 3;LLG BCG
127,017;127,017;127,017;4,54943;5,22105;5,10667;50;0,7;Nodo 3;LLG BCG
127,017;127,017;127,017;4,68677;5,56704;5,45536;50;1;Nodo 3;LLG BCG
127,017;127,017;127,017;5,01738;6,0551;5,94735;50;1,3;Nodo 3;LLG BCG
127,017;127,016;127,016;2,36146;126,531;123,046;0;0,7;Nodo 3;LLG CAG
127,017;127,016;127,016;3,04342;126,813;123,244;0;1;Nodo 3;LLG CAG
127,017;127,016;127,016;3,76659;127,097;123,446;0;1,3;Nodo 3;LLG CAG
127,017;127,017;127,017;3,36244;76,8768;73,6792;0,5;0,7;Nodo 3;LLG CAG
127,017;127,017;127,017;4,06463;77,4322;74,1881;0,5;1;Nodo 3;LLG CAG
127,017;127,017;127,017;4,82747;77,9913;74,7012;0,5;1,3;Nodo 3;LLG CAG
127,017;127,017;127,017;3,83884;52,3054;49,9091;1;0,7;Nodo 3;LLG CAG
127,017;127,017;127,017;4,37219;52,9868;50,5563;1;1;Nodo 3;LLG CAG
127,017;127,017;127,017;5,02133;53,6734;51,2085;1;1,3;Nodo 3;LLG CAG
127,017;127,017;127,017;4,17884;31,6969;30,141;2;0,7;Nodo 3;LLG CAG
127,017;127,017;127,017;4,5501;32,4618;30,8916;2;1;Nodo 3;LLG CAG
127,017;127,017;127,017;5,07648;33,2349;31,6493;2;1,3;Nodo 3;LLG CAG
127,017;127,017;127,017;4,40937;15,3798;14,5716;5;0,7;Nodo 3;LLG CAG
127,017;127,017;127,017;4,6446;16,1494;15,3508;5;1;Nodo 3;LLG CAG
127,017;127,017;127,017;5,05968;16,9395;16,1475;5;1,3;Nodo 3;LLG CAG
127,017;127,017;127,017;4,48752;9,42916;8,94786;10;0,7;Nodo 3;LLG CAG
127,017;127,017;127,017;4,66992;10,1162;9,65033;10;1;Nodo 3;LLG CAG
127,017;127,017;127,017;5,03985;10,8482;10,3949;10;1,3;Nodo 3;LLG CAG
127,017;127,017;127,017;4,52633;6,62249;6,35106;20;0,7;Nodo 3;LLG CAG
127,017;127,017;127,017;4,68085;7,16483;6,90405;20;1;Nodo 3;LLG CAG
127,017;127,017;127,017;5,02654;7,79386;7,54305;20;1,3;Nodo 3;LLG CAG
127,017;127,017;127,017;4,54943;5,22105;5,10667;50;0,7;Nodo 3;LLG CAG
127,017;127,017;127,017;4,68677;5,56704;5,45536;50;1;Nodo 3;LLG CAG
127,017;127,017;127,017;5,01738;6,0551;5,94735;50;1,3;Nodo 3;LLG CAG
127,016;127,016;127,016;126,588;126,588;126,588;0;0,7;Nodo 3;LLL ABC
127,016;127,016;127,016;126,802;126,802;126,802;0;1;Nodo 3;LLL ABC
127,016;127,016;127,016;127,018;127,018;127,018;0;1,3;Nodo 3;LLL ABC
127,017;127,017;127,017;76,4151;76,4151;76,4151;0,5;0,7;Nodo 3;LLL ABC
127,017;127,017;127,017;76,9104;76,9104;76,9104;0,5;1;Nodo 3;LLL ABC
127,017;127,017;127,017;77,4094;77,4094;77,4094;0,5;1,3;Nodo 3;LLL ABC
127,017;127,017;127,017;51,913;51,913;51,913;1;0,7;Nodo 3;LLL ABC
127,017;127,017;127,017;52,5499;52,5499;52,5499;1;1;Nodo 3;LLL ABC
127,017;127,017;127,017;53,1916;53,1916;53,1916;1;1,3;Nodo 3;LLL ABC
127,017;127,017;127,017;31,4038;31,4038;31,4038;2;0,7;Nodo 3;LLL ABC
127,017;127,017;127,017;32,1464;32,1464;32,1464;2;1;Nodo 3;LLL ABC
127,017;127,017;127,017;32,8965;32,8965;32,8965;2;1,3;Nodo 3;LLL ABC
127,017;127,017;127,017;15,1706;15,1706;15,1706;5;0,7;Nodo 3;LLL ABC
127,017;127,017;127,017;15,9425;15,9425;15,9425;5;1;Nodo 3;LLL ABC
127,017;127,017;127,017;16,7328;16,7328;16,7328;5;1,3;Nodo 3;LLL ABC
127,017;127,017;127,017;9,26696;9,26696;9,26696;10;0,7;Nodo 3;LLL ABC
127,017;127,017;127,017;9,96535;9,96535;9,96535;10;1;Nodo 3;LLL ABC
127,017;127,017;127,017;10,7059;10,7059;10,7059;10;1,3;Nodo 3;LLL ABC
127,017;127,017;127,017;6,5096;6,5096;6,5096;20;0,7;Nodo 3;LLL ABC
127,017;127,017;127,017;7,06332;7,06332;7,06332;20;1;Nodo 3;LLL ABC
127,017;127,017;127,017;7,70179;7,70179;7,70179;20;1,3;Nodo 3;LLL ABC
127,017;127,017;127,017;5,16461;5,16461;5,16461;50;0,7;Nodo 3;LLL ABC
127,017;127,017;127,017;5,5164;5,5164;5,5164;50;1;Nodo 3;LLL ABC
127,017;127,017;127,017;6,00993;6,00993;6,00993;50;1,3;Nodo 3;LLL ABC
127,016;127,017;127,017;131,01;4,36788;7,02159;0;0,7;Nodo 4;LG A
127,016;127,017;127,017;131,227;3,48908;7,75489;0;1;Nodo 4;LG A
127,016;127,017;127,017;131,445;2,61649;8,52361;0;1,3;Nodo 4;LG A
127,017;127,017;127,017;80,631;1,24133;6,76685;0,5;0,7;Nodo 4;LG A
127,017;127,017;127,017;81,1693;0,870093;7,27337;0,5;1;Nodo 4;LG A
127,017;127,017;127,017;81,7114;1,23575;7,87345;0,5;1,3;Nodo 4;LG A
127,017;127,017;127,017;54,6756;1,95188;6,20522;1;0,7;Nodo 4;LG A
127,017;127,017;127,017;55,3499;2,13846;6,58802;1;1;Nodo 4;LG A
127,017;127,017;127,017;56,0291;2,64293;7,0937;1;1,3;Nodo 4;LG A
127,017;127,017;127,017;32,9099;3,0377;5,6001;2;0,7;Nodo 4;LG A
127,017;127,017;127,017;33,6756;3,25236;5,87736;2;1;Nodo 4;LG A
127,017;127,017;127,017;34,4488;3,69961;6,30398;2;1,3;Nodo 4;LG A
127,017;127,017;127,017;15,8016;3,90747;5,0439;5;0,7;Nodo 4;LG A
127,017;127,017;127,017;16,5804;4,08102;5,23639;5;1;Nodo 4;LG A
127,017;127,017;127,017;17,3776;4,46107;5,60197;5;1,3;Nodo 4;LG A
127,017;127,017;127,017;9,59905;4,22942;4,81622;10;0,7;Nodo 4;LG A
127,017;127,017;127,017;10,2994;4,38099;4,97636;10;1;Nodo 4;LG A
127,017;127,017;127,017;11,0415;4,73271;5,31961;10;1,3;Nodo 4;LG A
127,017;127,017;127,017;6,68118;4,39555;4,69354;20;0,7;Nodo 4;LG A
127,017;127,017;127,017;7,23714;4,53466;4,83672;20;1;Nodo 4;LG A
127,017;127,017;127,017;7,87641;4,87106;5,16855;20;1,3;Nodo 4;LG A
127,017;127,017;127,017;5,23196;4,49671;4,61701;50;0,7;Nodo 4;LG A
127,017;127,017;127,017;5,58677;4,62789;4,74976;50;1;Nodo 4;LG A
127,017;127,017;127,017;6,08168;4,95473;5,07468;50;1,3;Nodo 4;LG A
127,017;127,016;127,017;7,02159;131,01;4,36788;0;0,7;Nodo 4;LG B
127,017;127,016;127,017;7,75489;131,227;3,48908;0;1;Nodo 4;LG B
127,017;127,016;127,017;8,52361;131,445;2,61649;0;1,3;Nodo 4;LG B
127,017;127,017;127,017;6,76685;80,631;1,24133;0,5;0,7;Nodo 4;LG B
127,017;127,017;127,017;7,27337;81,1693;0,870093;0,5;1;Nodo 4;LG B
127,017;127,017;127,017;7,87345;81,7114;1,23575;0,5;1,3;Nodo 4;LG B
127,017;127,017;127,017;6,20522;54,6756;1,95188;1;0,7;Nodo 4;LG B
127,017;127,017;127,017;6,58802;55,3499;2,13846;1;1;Nodo 4;LG B
127,017;127,017;127,017;7,0937;56,0291;2,64293;1;1,3;Nodo 4;LG B
127,017;127,017;127,017;5,6001;32,9099;3,0377;2;0,7;Nodo 4;LG B
127,017;127,017;127,017;5,87736;33,6756;3,25236;2;1;Nodo 4;LG B
127,017;127,017;127,017;6,30398;34,4488;3,69961;2;1,3;Nodo 4;LG B
127,017;127,017;127,017;5,0439;15,8016;3,90747;5;0,7;Nodo 4;LG B
127,017;127,017;127,017;5,23639;16,5804;4,08102;5;1;Nodo 4;LG B
127,017;127,017;127,017;5,60197;17,3776;4,46107;5;1,3;Nodo 4;LG B
127,017;127,017;127,017;4,81622;9,59905;4,22942;10;0,7;Nodo 4;LG B
127,017;127,017;127,017;4,97636;10,2994;4,38099;10;1;Nodo 4;LG B
127,017;127,017;127,017;5,31961;11,0415;4,73271;10;1,3;Nodo 4;LG B
127,017;127,017;127,017;4,69354;6,68118;4,39555;20;0,7;Nodo 4;LG B
127,017;127,017;127,017;4,83672;7,23714;4,53466;20;1;Nodo 4;LG B
127,017;127,017;127,017;5,16855;7,87641;4,87106;20;1,3;Nodo 4;LG B
127,017;127,017;127,017;4,61701;5,23196;4,49671;50;0,7;Nodo 4;LG B
127,017;127,017;127,017;4,74976;5,58677;4,62789;50;1;Nodo 4;LG B
127,017;127,017;127,017;5,07468;6,08168;4,95473;50;1,3;Nodo 4;LG B
127,017;127,017;127,016;4,36788;7,02159;131,01;0;0,7;Nodo 4;LG C
127,017;127,017;127,016;3,48908;7,75489;131,227;0;1;Nodo 4;LG C
127,017;127,017;127,016;2,61649;8,52361;131,445;0;1,3;Nodo 4;LG C
127,017;127,017;127,017;1,24133;6,76685;80,631;0,5;0,7;Nodo 4;LG C
127,017;127,017;127,017;0,870093;7,27337;81,1693;0,5;1;Nodo 4;LG C
127,017;127,017;127,017;1,23575;7,87345;81,7114;0,5;1,3;Nodo 4;LG C
127,017;127,017;127,017;1,95188;6,20522;54,6756;1;0,7;Nodo 4;LG C
127,017;127,017;127,017;2,13846;6,58802;55,3499;1;1;Nodo 4;LG C
127,017;127,017;127,017;2,64293;7,0937;56,0291;1;1,3;Nodo 4;LG C
127,017;127,017;127,017;3,0377;5,6001;32,9099;2;0,7;Nodo 4;LG C
127,017;127,017;127,017;3,25236;5,87736;33,6756;2;1;Nodo 4;LG C
127,017;127,017;127,017;3,69961;6,30398;34,4488;2;1,3;Nodo 4;LG C
127,017;127,017;127,017;3,90747;5,0439;15,8016;5;0,7;Nodo 4;LG C
127,017;127,017;127,017;4,08102;5,23639;16,5804;5;1;Nodo 4;LG C
127,017;127,017;127,017;4,46107;5,60197;17,3776;5;1,3;Nodo 4;LG C
127,017;127,017;127,017;4,22942;4,81622;9,59905;10;0,7;Nodo 4;LG C
127,017;127,017;127,017;4,38099;4,97636;10,2994;10;1;Nodo 4;LG C
127,017;127,017;127,017;4,73271;5,31961;11,0415;10;1,3;Nodo 4;LG C
127,017;127,017;127,017;4,39555;4,69354;6,68118;20;0,7;Nodo 4;LG C
127,017;127,017;127,017;4,53466;4,83672;7,23714;20;1;Nodo 4;LG C
127,017;127,017;127,017;4,87106;5,16855;7,87641;20;1,3;Nodo 4;LG C
127,017;127,017;127,017;4,49671;4,61701;5,23196;50;0,7;Nodo 4;LG C
127,017;127,017;127,017;4,62789;4,74976;5,58677;50;1;Nodo 4;LG C
127,017;127,017;127,017;4,95473;5,07468;6,08168;50;1,3;Nodo 4;LG C
127,017;127,016;127,017;118,451;114,967;4,56474;0;0,7;Nodo 4;LL AB
127,017;127,016;127,017;118,927;114,785;4,69044;0;1;Nodo 4;LL AB
127,017;127,016;127,017;119,404;114,606;5,01075;0;1,3;Nodo 4;LL AB
127,017;127,016;127,017;93,5175;89,2876;4,56474;0,5;0,7;Nodo 4;LL AB
127,017;127,016;127,017;93,9995;89,3786;4,69044;0,5;1;Nodo 4;LL AB
127,017;127,016;127,017;94,4849;89,4755;5,01075;0,5;1,3;Nodo 4;LL AB
127,017;127,017;127,017;74,1598;69,6759;4,56474;1;0,7;Nodo 4;LL AB
127,017;127,017;127,017;74,6601;69,9709;4,69044;1;1;Nodo 4;LL AB
127,017;127,017;127,017;75,1658;70,2727;5,01075;1;1,3;Nodo 4;LL AB
127,017;127,017;127,017;51,1394;46,577;4,56474;2;0,7;Nodo 4;LL AB
127,017;127,017;127,017;51,6711;47,1157;4,69044;2;1;Nodo 4;LL AB
127,017;127,017;127,017;52,2129;47,6618;5,01075;2;1,3;Nodo 4;LL AB
127,017;127,017;127,017;26,8111;22,4506;4,56474;5;0,7;Nodo 4;LL AB
127,017;127,017;127,017;27,3579;23,2424;4,69044;5;1;Nodo 4;LL AB
127,017;127,017;127,017;27,9275;24,0412;5,01075;5;1,3;Nodo 4;LL AB
127,017;127,017;127,017;16,1017;12,1044;4,56474;10;0,7;Nodo 4;LL AB
127,017;127,017;127,017;16,6165;12,9912;4,69044;10;1;Nodo 4;LL AB
127,017;127,017;127,017;17,1721;13,8845;5,01075;10;1,3;Nodo 4;LL AB
127,017;127,017;127,017;10,2779;6,9394;4,56474;20;0,7;Nodo 4;LL AB
127,017;127,017;127,017;10,7244;7,80085;4,69044;20;1;Nodo 4;LL AB
127,017;127,017;127,017;11,2398;8,68324;5,01075;20;1,3;Nodo 4;LL AB
127,017;127,017;127,017;6,74991;4,72705;4,56474;50;0,7;Nodo 4;LL AB
127,017;127,017;127,017;7,07802;5,32628;4,69044;50;1;Nodo 4;LL AB
127,017;127,017;127,017;7,52206;6,02484;5,01075;50;1,3;Nodo 4;LL AB
127,017;127,017;127,016;4,56474;118,451;114,967;0;0,7;Nodo 4;LL BC
127,017;127,017;127,016;4,69044;118,927;114,785;0;1;Nodo 4;LL BC
127,017;127,017;127,016;5,01075;119,404;114,606;0;1,3;Nodo 4;LL BC
127,017;127,017;127,016;4,56474;93,5175;89,2876;0,5;0,7;Nodo 4;LL BC
127,017;127,017;127,016;4,69044;93,9995;89,3786;0,5;1;Nodo 4;LL BC
127,017;127,017;127,016;5,01075;94,4849;89,4755;0,5;1,3;Nodo 4;LL BC
127,017;127,017;127,017;4,56474;74,1598;69,6759;1;0,7;Nodo 4;LL BC
127,017;127,017;127,017;4,69044;74,6601;69,9709;1;1;Nodo 4;LL BC
127,017;127,017;127,017;5,01075;75,1658;70,2727;1;1,3;Nodo 4;LL BC
127,017;127,017;127,017;4,56474;51,1394;46,577;2;0,7;Nodo 4;LL BC
127,017;127,017;127,017;4,69044;51,6711;47,1157;2;1;Nodo 4;LL BC
127,017;127,017;127,017;5,01075;52,2129;47,6618;2;1,3;Nodo 4;LL BC
127,017;127,017;127,017;4,56474;26,8111;22,4506;5;0,7;Nodo 4;LL BC
127,017;127,017;127,017;4,69044;27,3579;23,2424;5;1;Nodo 4;LL BC
127,017;127,017;127,017;5,01075;27,9275;24,0412;5;1,3;Nodo 4;LL BC
127,017;127,017;127,017;4,56474;16,1017;12,1044;10;0,7;Nodo 4;LL BC
127,017;127,017;127,017;4,69044;16,6165;12,9912;10;1;Nodo 4;LL BC
127,017;127,017;127,017;5,01075;17,1721;13,8845;10;1,3;Nodo 4;LL BC
127,017;127,017;127,017;4,56474;10,2779;6,9394;20;0,7;Nodo 4;LL BC
127,017;127,017;127,017;4,69044;10,7244;7,80085;20;1;Nodo 4;LL BC
127,017;127,017;127,017;5,01075;11,2398;8,68324;20;1,3;Nodo 4;LL BC
127,017;127,017;127,017;4,56474;6,74991;4,72705;50;0,7;Nodo 4;LL BC
127,017;127,017;127,017;4,69044;7,07802;5,32628;50;1;Nodo 4;LL BC
127,017;127,017;127,017;5,01075;7,52206;6,02484;50;1,3;Nodo 4;LL BC
127,016;127,017;127,017;114,967;4,56474;118,451;0;0,7;Nodo 4;LL CA
127,016;127,017;127,017;114,785;4,69044;118,927;0;1;Nodo 4;LL CA
127,016;127,017;127,017;114,606;5,01075;119,404;0;1,3;Nodo 4;LL CA
127,016;127,017;127,017;89,2876;4,56474;93,5175;0,5;0,7;Nodo 4;LL CA
127,016;127,017;127,017;89,3786;4,69044;93,9995;0,5;1;Nodo 4;LL CA
127,016;127,017;127,017;89,4755;5,01075;94,4849;0,5;1,3;Nodo 4;LL CA
127,017;127,017;127,017;69,6759;4,56474;74,1598;1;0,7;Nodo 4;LL CA
127,017;127,017;127,017;69,9709;4,69044;74,6601;1;1;Nodo 4;LL CA
127,017;127,017;127,017;70,2727;5,01075;75,1658;1;1,3;Nodo 4;LL CA
127,017;127,017;127,017;46,577;4,56474;51,1394;2;0,7;Nodo 4;LL CA
127,017;127,017;127,017;47,1157;4,69044;51,6711;2;1;Nodo 4;LL CA
127,017;127,017;127,017;47,6618;5,01075;52,2129;2;1,3;Nodo 4;LL CA
127,017;127,017;127,017;22,4506;4,56474;26,8111;5;0,7;Nodo 4;LL CA
127,017;127,017;127,017;23,2424;4,69044;27,3579;5;1;Nodo 4;LL CA
127,017;127,017;127,017;24,0412;5,01075;27,9275;5;1,3;Nodo 4;LL CA
127,017;127,017;127,017;12,1044;4,56474;16,1017;10;0,7;Nodo 4;LL CA
127,017;127,017;127,017;12,9912;4,69044;16,6165;10;1;Nodo 4;LL CA
127,017;127,017;127,017;13,8845;5,01075;17,1721;10;1,3;Nodo 4;LL CA
127,017;127,017;127,017;6,9394;4,56474;10,2779;20;0,7;Nodo 4;LL CA
127,017;127,017;127,017;7,80085;4,69044;10,7244;20;1;Nodo 4;LL CA
127,017;127,017;127,017;8,68324;5,01075;11,2398;20;1,3;Nodo 4;LL CA
127,017;127,017;127,017;4,72705;4,56474;6,74991;50;0,7;Nodo 4;LL CA
127,017;127,017;127,017;5,32628;4,69044;7,07802;50;1;Nodo 4;LL CA
127,017;127,017;127,017;6,02484;5,01075;7,52206;50;1,3;Nodo 4;LL CA
127,017;127,016;127,016;2,50679;134,56;131,253;0;0,7;Nodo 4;LLG ABG
127,017;127,016;127,016;3,10334;134,796;131,41;0;1;Nodo 4;LLG ABG
127,017;127,016;127,016;3,76705;135,034;131,569;0;1,3;Nodo 4;LLG ABG
127,017;127,017;127,017;3,34063;83,5413;80,1553;0,5;0,7;Nodo 4;LLG ABG
127,017;127,017;127,017;4,0788;84,0632;80,631;0,5;1;Nodo 4;LLG ABG
127,017;127,017;127,017;4,8643;84,5885;81,1106;0,5;1,3;Nodo 4;LLG ABG
127,017;127,017;127,017;3,82052;56,8411;54,2713;1;0,7;Nodo 4;LLG ABG
127,017;127,017;127,017;4,38711;57,5027;54,8961;1;1;Nodo 4;LLG ABG
127,017;127,017;127,017;5,06029;58,1693;55,5257;1;1,3;Nodo 4;LLG ABG
127,017;127,017;127,017;4,16982;34,2798;32,617;2;0,7;Nodo 4;LLG ABG
127,017;127,017;127,017;4,56196;35,0364;33,3564;2;1;Nodo 4;LLG ABG
127,017;127,017;127,017;5,10488;35,801;34,1026;2;1,3;Nodo 4;LLG ABG
127,017;127,017;127,017;4,40644;16,4477;15,593;5;0,7;Nodo 4;LLG ABG
127,017;127,017;127,017;4,65074;17,2193;16,3724;5;1;Nodo 4;LLG ABG
127,017;127,017;127,017;5,07351;18,01;17,1681;5;1,3;Nodo 4;LLG ABG
127,017;127,017;127,017;4,48624;9,94208;9,43356;10;0,7;Nodo 4;LLG ABG
127,017;127,017;127,017;4,67323;10,6384;10,1451;10;1;Nodo 4;LLG ABG
127,017;127,017;127,017;5,04716;11,3766;10,8956;10;1,3;Nodo 4;LLG ABG
127,017;127,017;127,017;4,52573;6,85221;6,56347;20;0,7;Nodo 4;LLG ABG
127,017;127,017;127,017;4,68257;7,4088;7,13145;20;1;Nodo 4;LLG ABG
127,017;127,017;127,017;5,0303;8,0475;7,78063;20;1,3;Nodo 4;LLG ABG
127,017;127,017;127,017;4,54921;5,29494;5,17213;50;0,7;Nodo 4;LLG ABG
127,017;127,017;127,017;4,68748;5,65286;5,53324;50;1;Nodo 4;LLG ABG
127,017;127,017;127,017;5,0189;6,14932;6,03406;50;1,3;Nodo 4;LLG ABG
127,017;127,016;127,016;2,50679;134,56;131,253;0;0,7;Nodo 4;LLG BCG
127,017;127,016;127,016;3,10334;134,796;131,41;0;1;Nodo 4;LLG BCG
127,017;127,016;127,016;3,76705;135,034;131,569;0;1,3;Nodo 4;LLG BCG
127,017;127,017;127,017;3,34063;83,5413;80,1553;0,5;0,7;Nodo 4;LLG BCG
127,017;127,017;127,017;4,0788;84,0632;80,631;0,5;1;Nodo 4;LLG BCG
127,017;127,017;127,017;4,8643;84,5885;81,1106;0,5;1,3;Nodo 4;LLG BCG
127,017;127,017;127,017;3,82052;56,8411;54,2713;1;0,7;Nodo 4;LLG BCG
127,017;127,017;127,017;4,38711;57,5027;54,8961;1;1;Nodo 4;LLG BCG
127,017;127,017;127,017;5,06029;58,1693;55,5257;1;1,3;Nodo 4;LLG BCG
127,017;127,017;127,017;4,16982;34,2798;32,617;2;0,7;Nodo 4;LLG BCG
127,017;127,017;127,017;4,56196;35,0364;33,3564;2;1;Nodo 4;LLG BCG
127,017;127,017;127,017;5,10488;35,801;34,1026;2;1,3;Nodo 4;LLG BCG
127,017;127,017;127,017;4,40644;16,4477;15,593;5;0,7;Nodo 4;LLG BCG
127,017;127,017;127,017;4,65074;17,2193;16,3724;5;1;Nodo 4;LLG BCG
127,017;127,017;127,017;5,07351;18,01;17,1681;5;1,3;Nodo 4;LLG BCG
127,017;127,017;127,017;4,48624;9,94208;9,43356;10;0,7;Nodo 4;LLG BCG
127,017;127,017;127,017;4,67323;10,6384;10,1451;10;1;Nodo 4;LLG BCG
127,017;127,017;127,017;5,04716;11,3766;10,8956;10;1,3;Nodo 4;LLG BCG
127,017;127,017;127,017;4,52573;6,85221;6,56347;20;0,7;Nodo 4;LLG BCG
127,017;127,017;127,017;4,68257;7,4088;7,13145;20;1;Nodo 4;LLG BCG
127,017;127,017;127,017;5,0303;8,0475;7,78063;20;1,3;Nodo 4;LLG BCG
127,017;127,017;127,017;4,54921;5,29494;5,17213;50;0,7;Nodo 4;LLG BCG
127,017;127,017;127,017;4,68748;5,65286;5,53324;50;1;Nodo 4;LLG BCG
127,017;127,017;127,017;5,0189;6,14932;6,03406;50;1,3;Nodo 4;LLG BCG
127,017;127,016;127,016;2,50679;134,56;131,253;0;0,7;Nodo 4;LLG CAG
127,017;127,016;127,016;3,10334;134,796;131,41;0;1;Nodo 4;LLG CAG
127,017;127,016;127,016;3,76705;135,034;131,569;0;1,3;Nodo 4;LLG CAG
127,017;127,017;127,017;3,34063;83,5413;80,1553;0,5;0,7;Nodo 4;LLG CAG
127,017;127,017;127,017;4,0788;84,0632;80,631;0,5;1;Nodo 4;LLG CAG
127,017;127,017;127,017;4,8643;84,5885;81,1106;0,5;1,3;Nodo 4;LLG CAG
127,017;127,017;127,017;3,82052;56,8411;54,2713;1;0,7;Nodo 4;LLG CAG
127,017;127,017;127,017;4,38711;57,5027;54,8961;1;1;Nodo 4;LLG CAG
127,017;127,017;127,017;5,06029;58,1693;55,5257;1;1,3;Nodo 4;LLG CAG
127,017;127,017;127,017;4,16982;34,2798;32,617;2;0,7;Nodo 4;LLG CAG
127,017;127,017;127,017;4,56196;35,0364;33,3564;2;1;Nodo 4;LLG CAG
127,017;127,017;127,017;5,10488;35,801;34,1026;2;1,3;Nodo 4;LLG CAG
127,017;127,017;127,017;4,40644;16,4477;15,593;5;0,7;Nodo 4;LLG CAG
127,017;127,017;127,017;4,65074;17,2193;16,3724;5;1;Nodo 4;LLG CAG
127,017;127,017;127,017;5,07351;18,01;17,1681;5;1,3;Nodo 4;LLG CAG
127,017;127,017;127,017;4,48624;9,94208;9,43356;10;0,7;Nodo 4;LLG CAG
127,017;127,017;127,017;4,67323;10,6384;10,1451;10;1;Nodo 4;LLG CAG
127,017;127,017;127,017;5,04716;11,3766;10,8956;10;1,3;Nodo 4;LLG CAG
127,017;127,017;127,017;4,52573;6,85221;6,56347;20;0,7;Nodo 4;LLG CAG
127,017;127,017;127,017;4,68257;7,4088;7,13145;20;1;Nodo 4;LLG CAG
127,017;127,017;127,017;5,0303;8,0475;7,78063;20;1,3;Nodo 4;LLG CAG
127,017;127,017;127,017;4,54921;5,29494;5,17213;50;0,7;Nodo 4;LLG CAG
127,017;127,017;127,017;4,68748;5,65286;5,53324;50;1;Nodo 4;LLG CAG
127,017;127,017;127,017;5,0189;6,14932;6,03406;50;1,3;Nodo 4;LLG CAG
127,016;127,016;127,016;134,753;134,753;134,753;0;0,7;Nodo 4;LLL ABC
127,016;127,016;127,016;134,927;134,927;134,927;0;1;Nodo 4;LLL ABC
127,016;127,016;127,016;135,103;135,103;135,103;0;1,3;Nodo 4;LLL ABC
127,017;127,017;127,017;83,0421;83,0421;83,0421;0,5;0,7;Nodo 4;LLL ABC
127,017;127,017;127,017;83,5027;83,5027;83,5027;0,5;1;Nodo 4;LLL ABC
127,017;127,017;127,017;83,9667;83,9667;83,9667;0,5;1,3;Nodo 4;LLL ABC
127,017;127,017;127,017;56,4165;56,4165;56,4165;1;0,7;Nodo 4;LLL ABC
127,017;127,017;127,017;57,0309;57,0309;57,0309;1;1;Nodo 4;LLL ABC
127,017;127,017;127,017;57,65;57,65;57,65;1;1,3;Nodo 4;LLL ABC
127,017;127,017;127,017;33,9729;33,9729;33,9729;2;0,7;Nodo 4;LLL ABC
127,017;127,017;127,017;34,7049;34,7049;34,7049;2;1;Nodo 4;LLL ABC
127,017;127,017;127,017;35,4441;35,4441;35,4441;2;1,3;Nodo 4;LLL ABC
127,017;127,017;127,017;16,2349;16,2349;16,2349;5;0,7;Nodo 4;LLL ABC
127,017;127,017;127,017;17,0074;17,0074;17,0074;5;1;Nodo 4;LLL ABC
127,017;127,017;127,017;17,7971;17,7971;17,7971;5;1,3;Nodo 4;LLL ABC
127,017;127,017;127,017;9,77659;9,77659;9,77659;10;0,7;Nodo 4;LLL ABC
127,017;127,017;127,017;10,4838;10,4838;10,4838;10;1;Nodo 4;LLL ABC
127,017;127,017;127,017;11,2302;11,2302;11,2302;10;1,3;Nodo 4;LLL ABC
127,017;127,017;127,017;6,73525;6,73525;6,73525;20;0,7;Nodo 4;LLL ABC
127,017;127,017;127,017;7,30358;7,30358;7,30358;20;1;Nodo 4;LLL ABC
127,017;127,017;127,017;7,95197;7,95197;7,95197;20;1,3;Nodo 4;LLL ABC
127,017;127,017;127,017;5,23535;5,23535;5,23535;50;0,7;Nodo 4;LLL ABC
127,017;127,017;127,017;5,59953;5,59953;5,59953;50;1;Nodo 4;LLL ABC
127,017;127,017;127,017;6,10184;6,10184;6,10184;50;1,3;Nodo 4;LLL ABC
127,016;127,017;127,017;114,901;3,10656;6,88902;0;0,7;Nodo 5;LG A
127,016;127,017;127,017;115,202;2,23976;7,54933;0;1;Nodo 5;LG A
127,016;127,017;127,017;115,507;1,3976;8,26258;0;1,3;Nodo 5;LG A
127,017;127,017;127,017;77,578;1,2815;6,64932;0,5;0,7;Nodo 5;LG A
127,017;127,017;127,017;78,102;1,07411;7,12844;0,5;1;Nodo 5;LG A
127,017;127,017;127,017;78,6295;1,49582;7,70522;0,5;1,3;Nodo 5;LG A
127,017;127,017;127,017;56,0928;1,94192;6,21768;1;0,7;Nodo 5;LG A
127,017;127,017;127,017;56,7296;2,13833;6,59341;1;1;Nodo 5;LG A
127,017;127,017;127,017;57,3709;2,64915;7,09149;1;1,3;Nodo 5;LG A
127,017;127,017;127,017;35,6651;2,94464;5,67726;2;0,7;Nodo 5;LG A
127,017;127,017;127,017;36,3932;3,17257;5,9561;2;1;Nodo 5;LG A
127,017;127,017;127,017;37,1284;3,63346;6,38185;2;1,3;Nodo 5;LG A
127,017;127,017;127,017;17,7237;3,8395;5,1086;5;0,7;Nodo 5;LG A
127,017;127,017;127,017;18,4826;4,02329;5,30346;5;1;Nodo 5;LG A
127,017;127,017;127,017;19,2583;4,4135;5,66927;5;1,3;Nodo 5;LG A
127,017;127,017;127,017;10,7118;4,18997;4,85623;10;0,7;Nodo 5;LG A
127,017;127,017;127,017;11,4108;4,3477;5,01783;10;1;Nodo 5;LG A
127,017;127,017;127,017;12,1469;4,7055;5,36115;10;1,3;Nodo 5;LG A
127,017;127,017;127,017;7,24578;4,37447;4,71568;20;0,7;Nodo 5;LG A
127,017;127,017;127,017;7,81764;4,51694;4,85964;20;1;Nodo 5;LG A
127,017;127,017;127,017;8,4641;4,85666;5,19147;20;1,3;Nodo 5;LG A
127,017;127,017;127,017;5,43558;4,48797;4,6264;50;0,7;Nodo 5;LG A
127,017;127,017;127,017;5,81057;4,62056;4,75947;50;1;Nodo 5;LG A
127,017;127,017;127,017;6,31754;4,94879;5,08439;50;1,3;Nodo 5;LG A
127,017;127,016;127,017;6,88902;114,901;3,10656;0;0,7;Nodo 5;LG B
127,017;127,016;127,017;7,54933;115,202;2,23976;0;1;Nodo 5;LG B
127,017;127,016;127,017;8,26258;115,507;1,3976;0;1,3;Nodo 5;LG B
127,017;127,017;127,017;6,64932;77,578;1,2815;0,5;0,7;Nodo 5;LG B
127,017;127,017;127,017;7,12844;78,102;1,07411;0,5;1;Nodo 5;LG B
127,017;127,017;127,017;7,70522;78,6295;1,49582;0,5;1,3;Nodo 5;LG B
127,017;127,017;127,017;6,21768;56,0928;1,94192;1;0,7;Nodo 5;LG B
127,017;127,017;127,017;6,59341;56,7296;2,13833;1;1;Nodo 5;LG B
127,017;127,017;127,017;7,09149;57,3709;2,64915;1;1,3;Nodo 5;LG B
127,017;127,017;127,017;5,67726;35,6651;2,94464;2;0,7;Nodo 5;LG B
127,017;127,017;127,017;5,9561;36,3932;3,17257;2;1;Nodo 5;LG B
127,017;127,017;127,017;6,38185;37,1284;3,63346;2;1,3;Nodo 5;LG B
127,017;127,017;127,017;5,1086;17,7237;3,8395;5;0,7;Nodo 5;LG B
127,017;127,017;127,017;5,30346;18,4826;4,02329;5;1;Nodo 5;LG B
127,017;127,017;127,017;5,66927;19,2583;4,4135;5;1,3;Nodo 5;LG B
127,017;127,017;127,017;4,85623;10,7118;4,18997;10;0,7;Nodo 5;LG B
127,017;127,017;127,017;5,01783;11,4108;4,3477;10;1;Nodo 5;LG B
127,017;127,017;127,017;5,36115;12,1469;4,7055;10;1,3;Nodo 5;LG B
127,017;127,017;127,017;4,71568;7,24578;4,37447;20;0,7;Nodo 5;LG B
127,017;127,017;127,017;4,85964;7,81764;4,51694;20;1;Nodo 5;LG B
127,017;127,017;127,017;5,19147;8,4641;4,85666;20;1,3;Nodo 5;LG B
127,017;127,017;127,017;4,6264;5,43558;4,48797;50;0,7;Nodo 5;LG B
127,017;127,017;127,017;4,75947;5,81057;4,62056;50;1;Nodo 5;LG B
127,017;127,017;127,017;5,08439;6,31754;4,94879;50;1,3;Nodo 5;LG B
127,017;127,017;127,016;3,10656;6,88902;114,901;0;0,7;Nodo 5;LG C
127,017;127,017;127,016;2,23976;7,54933;115,202;0;1;Nodo 5;LG C
127,017;127,017;127,016;1,3976;8,26258;115,507;0;1,3;Nodo 5;LG C
127,017;127,017;127,017;1,2815;6,64932;77,578;0,5;0,7;Nodo 5;LG C
127,017;127,017;127,017;1,07411;7,12844;78,102;0,5;1;Nodo 5;LG C
127,017;127,017;127,017;1,49582;7,70522;78,6295;0,5;1,3;Nodo 5;LG C
127,017;127,017;127,017;1,94192;6,21768;56,0928;1;0,7;Nodo 5;LG C
127,017;127,017;127,017;2,13833;6,59341;56,7296;1;1;Nodo 5;LG C
127,017;127,017;127,017;2,64915;7,09149;57,3709;1;1,3;Nodo 5;LG C
127,017;127,017;127,017;2,94464;5,67726;35,6651;2;0,7;Nodo 5;LG C
127,017;127,017;127,017;3,17257;5,9561;36,3932;2;1;Nodo 5;LG C
127,017;127,017;127,017;3,63346;6,38185;37,1284;2;1,3;Nodo 5;LG C
127,017;127,017;127,017;3,8395;5,1086;17,7237;5;0,7;Nodo 5;LG C
127,017;127,017;127,017;4,02329;5,30346;18,4826;5;1;Nodo 5;LG C
127,017;127,017;127,017;4,4135;5,66927;19,2583;5;1,3;Nodo 5;LG C
127,017;127,017;127,017;4,18997;4,85623;10,7118;10;0,7;Nodo 5;LG C
127,017;127,017;127,017;4,3477;5,01783;11,4108;10;1;Nodo 5;LG C
127,017;127,017;127,017;4,7055;5,36115;12,1469;10;1,3;Nodo 5;LG C
127,017;127,017;127,017;4,37447;4,71568;7,24578;20;0,7;Nodo 5;LG C
127,017;127,017;127,017;4,51694;4,85964;7,81764;20;1;Nodo 5;LG C
127,017;127,017;127,017;4,85666;5,19147;8,4641;20;1,3;Nodo 5;LG C
127,017;127,017;127,017;4,48797;4,6264;5,43558;50;0,7;Nodo 5;LG C
127,017;127,017;127,017;4,62056;4,75947;5,81057;50;1;Nodo 5;LG C
127,017;127,017;127,017;4,94879;5,08439;6,31754;50;1,3;Nodo 5;LG C
127,017;127,016;127,017;104,125;100,215;4,56474;0;0,7;Nodo 5;LL AB
127,017;127,016;127,017;104,611;100,171;4,69044;0;1;Nodo 5;LL AB
127,017;127,016;127,017;105,098;100,131;5,01075;0;1,3;Nodo 5;LL AB
127,017;127,016;127,017;85,8631;81,5178;4,56474;0,5;0,7;Nodo 5;LL AB
127,017;127,016;127,017;86,3371;81,6695;4,69044;0,5;1;Nodo 5;LL AB
127,017;127,017;127,017;86,8149;81,8275;5,01075;0,5;1,3;Nodo 5;LL AB
127,017;127,017;127,017;71,3516;66,8406;4,56474;1;0,7;Nodo 5;LL AB
127,017;127,017;127,017;71,8289;67,1463;4,69044;1;1;Nodo 5;LL AB
127,017;127,017;127,017;72,3117;67,4589;5,01075;1;1,3;Nodo 5;LL AB
127,017;127,017;127,017;52,3242;47,7635;4,56474;2;0,7;Nodo 5;LL AB
127,017;127,017;127,017;52,8181;48,2741;4,69044;2;1;Nodo 5;LL AB
127,017;127,017;127,017;53,3216;48,7919;5,01075;2;1,3;Nodo 5;LL AB
127,017;127,017;127,017;29,1821;24,8244;4,56474;5;0,7;Nodo 5;LL AB
127,017;127,017;127,017;29,6923;25,5829;4,69044;5;1;Nodo 5;LL AB
127,017;127,017;127,017;30,2237;26,3482;5,01075;5;1,3;Nodo 5;LL AB
127,017;127,017;127,017;17,8143;13,8036;4,56474;10;0,7;Nodo 5;LL AB
127,017;127,017;127,017;18,3039;14,669;4,69044;10;1;Nodo 5;LL AB
127,017;127,017;127,017;18,8313;15,5407;5,01075;10;1,3;Nodo 5;LL AB
127,017;127,017;127,017;11,2899;7,8753;4,56474;20;0,7;Nodo 5;LL AB
127,017;127,017;127,017;11,7246;8,74008;4,69044;20;1;Nodo 5;LL AB
127,017;127,017;127,017;12,223;9,62136;5,01075;20;1,3;Nodo 5;LL AB
127,017;127,017;127,017;7,18877;5,00725;4,56474;50;0,7;Nodo 5;LL AB
127,017;127,017;127,017;7,51812;5,64792;4,69044;50;1;Nodo 5;LL AB
127,017;127,017;127,017;7,95665;6,37306;5,01075;50;1,3;Nodo 5;LL AB
127,017;127,017;127,016;4,56474;104,125;100,215;0;0,7;Nodo 5;LL BC
127,017;127,017;127,016;4,69044;104,611;100,171;0;1;Nodo 5;LL BC
127,017;127,017;127,016;5,01075;105,098;100,131;0;1,3;Nodo 5;LL BC
127,017;127,017;127,016;4,56474;85,8631;81,5178;0,5;0,7;Nodo 5;LL BC
127,017;127,017;127,016;4,69044;86,3371;81,6695;0,5;1;Nodo 5;LL BC
127,017;127,017;127,017;5,01075;86,8149;81,8275;0,5;1,3;Nodo 5;LL BC
127,017;127,017;127,017;4,56474;71,3516;66,8406;1;0,7;Nodo 5;LL BC
127,017;127,017;127,017;4,69044;71,8289;67,1463;1;1;Nodo 5;LL BC
127,017;127,017;127,017;5,01075;72,3117;67,4589;1;1,3;Nodo 5;LL BC
127,017;127,017;127,017;4,56474;52,3242;47,7635;2;0,7;Nodo 5;LL BC
127,017;127,017;127,017;4,69044;52,8181;48,2741;2;1;Nodo 5;LL BC
127,017;127,017;127,017;5,01075;53,3216;48,7919;2;1,3;Nodo 5;LL BC
127,017;127,017;127,017;4,56474;29,1821;24,8244;5;0,7;Nodo 5;LL BC
127,017;127,017;127,017;4,69044;29,6923;25,5829;5;1;Nodo 5;LL BC
127,017;127,017;127,017;5,01075;30,2237;26,3482;5;1,3;Nodo 5;LL BC
127,017;127,017;127,017;4,56474;17,8143;13,8036;10;0,7;Nodo 5;LL BC
127,017;127,017;127,017;4,69044;18,3039;14,669;10;1;Nodo 5;LL BC
127,017;127,017;127,017;5,01075;18,8313;15,5407;10;1,3;Nodo 5;LL BC
127,017;127,017;127,017;4,56474;11,2899;7,8753;20;0,7;Nodo 5;LL BC
127,017;127,017;127,017;4,69044;11,7246;8,74008;20;1;Nodo 5;LL BC
127,017;127,017;127,017;5,01075;12,223;9,62136;20;1,3;Nodo 5;LL BC
127,017;127,017;127,017;4,56474;7,18877;5,00725;50;0,7;Nodo 5;LL BC
127,017;127,017;127,017;4,69044;7,51812;5,64792;50;1;Nodo 5;LL BC
127,017;127,017;127,017;5,01075;7,95665;6,37306;50;1,3;Nodo 5;LL BC
127,016;127,017;127,017;100,215;4,56474;104,125;0;0,7;Nodo 5;LL CA
127,016;127,017;127,017;100,171;4,69044;104,611;0;1;Nodo 5;LL CA
127,016;127,017;127,017;100,131;5,01075;105,098;0;1,3;Nodo 5;LL CA
127,016;127,017;127,017;81,5178;4,56474;85,8631;0,5;0,7;Nodo 5;LL CA
127,016;127,017;127,017;81,6695;4,69044;86,3371;0,5;1;Nodo 5;LL CA
127,017;127,017;127,017;81,8275;5,01075;86,8149;0,5;1,3;Nodo 5;LL CA
127,017;127,017;127,017;66,8406;4,56474;71,3516;1;0,7;Nodo 5;LL CA
127,017;127,017;127,017;67,1463;4,69044;71,8289;1;1;Nodo 5;LL CA
127,017;127,017;127,017;67,4589;5,01075;72,3117;1;1,3;Nodo 5;LL CA
127,017;127,017;127,017;47,7635;4,56474;52,3242;2;0,7;Nodo 5;LL CA
127,017;127,017;127,017;48,2741;4,69044;52,8181;2;1;Nodo 5;LL CA
127,017;127,017;127,017;48,7919;5,01075;53,3216;2;1,3;Nodo 5;LL CA
127,017;127,017;127,017;24,8244;4,56474;29,1821;5;0,7;Nodo 5;LL CA
127,017;127,017;127,017;25,5829;4,69044;29,6923;5;1;Nodo 5;LL CA
127,017;127,017;127,017;26,3482;5,01075;30,2237;5;1,3;Nodo 5;LL CA
127,017;127,017;127,017;13,8036;4,56474;17,8143;10;0,7;Nodo 5;LL CA
127,017;127,017;127,017;14,669;4,69044;18,3039;10;1;Nodo 5;LL CA
127,017;127,017;127,017;15,5407;5,01075;18,8313;10;1,3;Nodo 5;LL CA
127,017;127,017;127,017;7,8753;4,56474;11,2899;20;0,7;Nodo 5;LL CA
127,017;127,017;127,017;8,74008;4,69044;11,7246;20;1;Nodo 5;LL CA
127,017;127,017;127,017;9,62136;5,01075;12,223;20;1,3;Nodo 5;LL CA
127,017;127,017;127,017;5,00725;4,56474;7,18877;50;0,7;Nodo 5;LL CA
127,017;127,017;127,017;5,64792;4,69044;7,51812;50;1;Nodo 5;LL CA
127,017;127,017;127,017;6,37306;5,01075;7,95665;50;1,3;Nodo 5;LL CA
127,017;127,016;127,016;2,42597;118,144;114,756;0;0,7;Nodo 5;LLG ABG
127,017;127,016;127,016;3,19876;118,447;115,017;0;1;Nodo 5;LLG ABG
127,017;127,016;127,016;3,98321;118,752;115,281;0;1,3;Nodo 5;LLG ABG
127,017;127,017;127,017;3,38358;80,3118;77,0686;0,5;0,7;Nodo 5;LLG ABG
127,017;127,017;127,017;4,0916;80,8122;77,5446;0,5;1;Nodo 5;LLG ABG
127,017;127,017;127,017;4,85559;81,3157;78,0244;0,5;1,3;Nodo 5;LLG ABG
127,017;127,017;127,017;3,82955;58,2432;55,6517;1;0,7;Nodo 5;LLG ABG
127,017;127,017;127,017;4,39384;58,8599;56,2463;1;1;Nodo 5;LLG ABG
127,017;127,017;127,017;5,06256;59,4813;56,8454;1;1,3;Nodo 5;LLG ABG
127,017;127,017;127,017;4,17136;37,1054;35,3433;2;0,7;Nodo 5;LLG ABG
127,017;127,017;127,017;4,5772;37,8193;36,0458;2;1;Nodo 5;LLG ABG
127,017;127,017;127,017;5,12855;38,5408;36,7548;2;1,3;Nodo 5;LLG ABG
127,017;127,017;127,017;4,40935;18,4341;17,5055;5;0,7;Nodo 5;LLG ABG
127,017;127,017;127,017;4,66575;19,1833;18,2633;5;1;Nodo 5;LLG ABG
127,017;127,017;127,017;5,09733;19,9503;19,0362;5;1,3;Nodo 5;LLG ABG
127,017;127,017;127,017;4,48873;11,0969;10,5413;10;0,7;Nodo 5;LLG ABG
127,017;127,017;127,017;4,68316;11,79;11,2506;10;1;Nodo 5;LLG ABG
127,017;127,017;127,017;5,06274;12,5205;11,9943;10;1,3;Nodo 5;LLG ABG
127,017;127,017;127,017;4,52733;7,44226;7,12215;20;0,7;Nodo 5;LLG ABG
127,017;127,017;127,017;4,68826;8,01306;7,70659;20;1;Nodo 5;LLG ABG
127,017;127,017;127,017;5,03915;8,6576;8,36325;20;1,3;Nodo 5;LLG ABG
127,017;127,017;127,017;4,54994;5,50971;5,37025;50;0,7;Nodo 5;LLG ABG
127,017;127,017;127,017;4,68994;5,88716;5,75262;50;1;Nodo 5;LLG ABG
127,017;127,017;127,017;5,02272;6,39508;6,26629;50;1,3;Nodo 5;LLG ABG
127,017;127,016;127,016;2,42597;118,144;114,756;0;0,7;Nodo 5;LLG BCG
127,017;127,016;127,016;3,19876;118,447;115,017;0;1;Nodo 5;LLG BCG
127,017;127,016;127,016;3,98321;118,752;115,281;0;1,3;Nodo 5;LLG BCG
127,017;127,017;127,017;3,38358;80,3118;77,0686;0,5;0,7;Nodo 5;LLG BCG
127,017;127,017;127,017;4,0916;80,8122;77,5446;0,5;1;Nodo 5;LLG BCG
127,017;127,017;127,017;4,85559;81,3157;78,0244;0,5;1,3;Nodo 5;LLG BCG
127,017;127,017;127,017;3,82955;58,2432;55,6517;1;0,7;Nodo 5;LLG BCG
127,017;127,017;127,017;4,39384;58,8599;56,2463;1;1;Nodo 5;LLG BCG
127,017;127,017;127,017;5,06256;59,4813;56,8454;1;1,3;Nodo 5;LLG BCG
127,017;127,017;127,017;4,17136;37,1054;35,3433;2;0,7;Nodo 5;LLG BCG
127,017;127,017;127,017;4,5772;37,8193;36,0458;2;1;Nodo 5;LLG BCG
127,017;127,017;127,017;5,12855;38,5408;36,7548;2;1,3;Nodo 5;LLG BCG
127,017;127,017;127,017;4,40935;18,4341;17,5055;5;0,7;Nodo 5;LLG BCG
127,017;127,017;127,017;4,66575;19,1833;18,2633;5;1;Nodo 5;LLG BCG
127,017;127,017;127,017;5,09733;19,9503;19,0362;5;1,3;Nodo 5;LLG BCG
127,017;127,017;127,017;4,48873;11,0969;10,5413;10;0,7;Nodo 5;LLG BCG
127,017;127,017;127,017;4,68316;11,79;11,2506;10;1;Nodo 5;LLG BCG
127,017;127,017;127,017;5,06274;12,5205;11,9943;10;1,3;Nodo 5;LLG BCG
127,017;127,017;127,017;4,52733;7,44226;7,12215;20;0,7;Nodo 5;LLG BCG
127,017;127,017;127,017;4,68826;8,01306;7,70659;20;1;Nodo 5;LLG BCG
127,017;127,017;127,017;5,03915;8,6576;8,36325;20;1,3;Nodo 5;LLG BCG
127,017;127,017;127,017;4,54994;5,50971;5,37025;50;0,7;Nodo 5;LLG BCG
127,017;127,017;127,017;4,68994;5,88716;5,75262;50;1;Nodo 5;LLG BCG
127,017;127,017;127,017;5,02272;6,39508;6,26629;50;1,3;Nodo 5;LLG BCG
127,017;127,016;127,016;2,42597;118,144;114,756;0;0,7;Nodo 5;LLG CAG
127,017;127,016;127,016;3,19876;118,447;115,017;0;1;Nodo 5;LLG CAG
127,017;127,016;127,016;3,98321;118,752;115,281;0;1,3;Nodo 5;LLG CAG
127,017;127,017;127,017;3,38358;80,3118;77,0686;0,5;0,7;Nodo 5;LLG CAG
127,017;127,017;127,017;4,0916;80,8122;77,5446;0,5;1;Nodo 5;LLG CAG
127,017;127,017;127,017;4,85559;81,3157;78,0244;0,5;1,3;Nodo 5;LLG CAG
127,017;127,017;127,017;3,82955;58,2432;55,6517;1;0,7;Nodo 5;LLG CAG
127,017;127,017;127,017;4,39384;58,8599;56,2463;1;1;Nodo 5;LLG CAG
127,017;127,017;127,017;5,06256;59,4813;56,8454;1;1,3;Nodo 5;LLG CAG
127,017;127,017;127,017;4,17136;37,1054;35,3433;2;0,7;Nodo 5;LLG CAG
127,017;127,017;127,017;4,5772;37,8193;36,0458;2;1;Nodo 5;LLG CAG
127,017;127,017;127,017;5,12855;38,5408;36,7548;2;1,3;Nodo 5;LLG CAG
127,017;127,017;127,017;4,40935;18,4341;17,5055;5;0,7;Nodo 5;LLG CAG
127,017;127,017;127,017;4,66575;19,1833;18,2633;5;1;Nodo 5;LLG CAG
127,017;127,017;127,017;5,09733;19,9503;19,0362;5;1,3;Nodo 5;LLG CAG
127,017;127,017;127,017;4,48873;11,0969;10,5413;10;0,7;Nodo 5;LLG CAG
127,017;127,017;127,017;4,68316;11,79;11,2506;10;1;Nodo 5;LLG CAG
127,017;127,017;127,017;5,06274;12,5205;11,9943;10;1,3;Nodo 5;LLG CAG
127,017;127,017;127,017;4,52733;7,44226;7,12215;20;0,7;Nodo 5;LLG CAG
127,017;127,017;127,017;4,68826;8,01306;7,70659;20;1;Nodo 5;LLG CAG
127,017;127,017;127,017;5,03915;8,6576;8,36325;20;1,3;Nodo 5;LLG CAG
127,017;127,017;127,017;4,54994;5,50971;5,37025;50;0,7;Nodo 5;LLG CAG
127,017;127,017;127,017;4,68994;5,88716;5,75262;50;1;Nodo 5;LLG CAG
127,017;127,017;127,017;5,02272;6,39508;6,26629;50;1,3;Nodo 5;LLG CAG
127,016;127,016;127,016;117,968;117,968;117,968;0;0,7;Nodo 5;LLL ABC
127,016;127,016;127,016;118,227;118,227;118,227;0;1;Nodo 5;LLL ABC
127,016;127,016;127,016;118,489;118,489;118,489;0;1,3;Nodo 5;LLL ABC
127,017;127,017;127,017;79,7843;79,7843;79,7843;0,5;0,7;Nodo 5;LLL ABC
127,017;127,017;127,017;80,2372;80,2372;80,2372;0,5;1;Nodo 5;LLL ABC
127,017;127,017;127,017;80,6934;80,6934;80,6934;0,5;1,3;Nodo 5;LLL ABC
127,017;127,017;127,017;57,7856;57,7856;57,7856;1;0,7;Nodo 5;LLL ABC
127,017;127,017;127,017;58,3617;58,3617;58,3617;1;1;Nodo 5;LLL ABC
127,017;127,017;127,017;58,9423;58,9423;58,9423;1;1,3;Nodo 5;LLL ABC
127,017;127,017;127,017;36,7708;36,7708;36,7708;2;0,7;Nodo 5;LLL ABC
127,017;127,017;127,017;37,4606;37,4606;37,4606;2;1;Nodo 5;LLL ABC
127,017;127,017;127,017;38,1573;38,1573;38,1573;2;1,3;Nodo 5;LLL ABC
127,017;127,017;127,017;18,2112;18,2112;18,2112;5;0,7;Nodo 5;LLL ABC
127,017;127,017;127,017;18,9598;18,9598;18,9598;5;1;Nodo 5;LLL ABC
127,017;127,017;127,017;19,7244;19,7244;19,7244;5;1,3;Nodo 5;LLL ABC
127,017;127,017;127,017;10,9259;10,9259;10,9259;10;0,7;Nodo 5;LLL ABC
127,017;127,017;127,017;11,6291;11,6291;11,6291;10;1;Nodo 5;LLL ABC
127,017;127,017;127,017;12,3671;12,3671;12,3671;10;1,3;Nodo 5;LLL ABC
127,017;127,017;127,017;7,31931;7,31931;7,31931;20;0,7;Nodo 5;LLL ABC
127,017;127,017;127,017;7,90238;7,90238;7,90238;20;1;Nodo 5;LLL ABC
127,017;127,017;127,017;8,5569;8,5569;8,5569;20;1,3;Nodo 5;LLL ABC
127,017;127,017;127,017;5,44468;5,44468;5,44468;50;0,7;Nodo 5;LLL ABC
127,017;127,017;127,017;5,82943;5,82943;5,82943;50;1;Nodo 5;LLL ABC
127,017;127,017;127,017;6,34398;6,34398;6,34398;50;1,3;Nodo 5;LLL ABC
127,017;127,017;127,017;4,91759;4,91759;4,91759;NaN;NaN;NaN;Sin_Falla
127,017;127,017;127,017;4,87267;4,87267;4,87267;NaN;NaN;NaN;Sin_Falla
127,017;127,017;127,017;4,7769;4,7769;4,7769;NaN;NaN;NaN;Sin_Falla
127,017;127,017;127,017;4,70207;4,70207;4,70207;NaN;NaN;NaN;Sin_Falla
127,017;127,017;127,017;4,64919;4,64919;4,64919;NaN;NaN;NaN;Sin_Falla
127,017;127,017;127,017;4,619;4,619;4,619;NaN;NaN;NaN;Sin_Falla
127,017;127,017;127,017;4,56475;4,56475;4,56475;NaN;NaN;NaN;Sin_Falla
127,017;127,017;127,017;4,5838;4,5838;4,5838;NaN;NaN;NaN;Sin_Falla
127,017;127,017;127,017;4,62586;4,62586;4,62586;NaN;NaN;NaN;Sin_Falla
127,017;127,017;127,017;4,69045;4,69045;4,69045;NaN;NaN;NaN;Sin_Falla
127,017;127,017;127,017;4,77683;4,77683;4,77683;NaN;NaN;NaN;Sin_Falla
127,017;127,017;127,017;4,88399;4,88399;4,88399;NaN;NaN;NaN;Sin_Falla
127,017;127,017;127,017;5,01076;5,01076;5,01076;NaN;NaN;NaN;Sin_Falla
127,017;127,017;127,017;5,15584;5,15584;5,15584;NaN;NaN;NaN;Sin_Falla
127,017;127,017;127,017;5,31789;5,31789;5,31789;NaN;NaN;NaN;Sin_Falla
127,017;127,017;127,017;5,49555;5,49555;5,49555;NaN;NaN;NaN;Sin_Falla
127,017;127,017;127,017;5,6875;5,6875;5,6875;NaN;NaN;NaN;Sin_Falla
127,017;127,017;127,017;5,89249;5,89249;5,89249;NaN;NaN;NaN;Sin_Falla
127,017;127,017;127,017;6,10934;6,10934;6,10934;NaN;NaN;NaN;Sin_Falla
127,017;127,017;127,017;6,33697;6,33697;6,33697;NaN;NaN;NaN;Sin_Falla
