mean_fit_time;std_fit_time;mean_score_time;std_score_time;param_colsample_bytree;param_learning_rate;param_max_depth;param_n_estimators;param_subsample;params;mean_test_score;std_test_score;rank_test_score
205,34968662261963;1,8474014749528476;0,38294196128845215;0,025229527635652654;0.8;0.3;3;200;0.8;{'colsample_bytree': 0.8, 'learning_rate': 0.3, 'max_depth': 3, 'n_estimators': 200, 'subsample': 0.8};0,9997234980908253;0,000256350429090846;1
263,1269749641418;0,8523908994080603;0,5373291015625;0,03804496999799931;0.8;0.3;3;300;0.8;{'colsample_bytree': 0.8, 'learning_rate': 0.3, 'max_depth': 3, 'n_estimators': 300, 'subsample': 0.8};0,9997234980908253;0,000256350429090846;1
235,6073468208313;1,6665112437396816;0,4366774082183838;0,01776496016193504;1.0;0.3;3;200;0.8;{'colsample_bytree': 1.0, 'learning_rate': 0.3, 'max_depth': 3, 'n_estimators': 200, 'subsample': 0.8};0,9997234980908253;0,000256350429090846;1
305,15310392379763;4,689248169592212;0,49268574714660646;0,021510317229802515;1.0;0.3;3;300;0.8;{'colsample_bytree': 1.0, 'learning_rate': 0.3, 'max_depth': 3, 'n_estimators': 300, 'subsample': 0.8};0,9997234980908253;0,000256350429090846;1
510,474991941452;3,452780554419758;0,8180514812469483;0,05660845092242579;0.8;0.1;9;300;1.0;{'colsample_bytree': 0.8, 'learning_rate': 0.1, 'max_depth': 9, 'n_estimators': 300, 'subsample': 1.0};0,9997234917722982;5,028284137690708e-05;5
272,35637011528013;1,8279104368297534;0,509416913986206;0,028817871713243317;0.8;0.3;9;300;1.0;{'colsample_bytree': 0.8, 'learning_rate': 0.3, 'max_depth': 9, 'n_estimators': 300, 'subsample': 1.0};0,9997234886130346;0,0001465843222558301;6
149,12697916030885;2,4041796646659592;0,2658401012420654;0,061889682824675295;1.0;0.3;3;100;0.8;{'colsample_bytree': 1.0, 'learning_rate': 0.3, 'max_depth': 3, 'n_estimators': 100, 'subsample': 0.8};0,9996983598303931;0,00023311309924490327;7
224,5975175380707;2,261694982333498;0,4206726551055908;0,02454436998530813;0.8;0.3;9;200;1.0;{'colsample_bytree': 0.8, 'learning_rate': 0.3, 'max_depth': 9, 'n_estimators': 200, 'subsample': 1.0};0,9996983535118659;0,00012818543798153042;8
486,2167155265808;5,892096736559527;0,8127013206481933;0,051599273340904916;0.8;0.1;9;300;0.8;{'colsample_bytree': 0.8, 'learning_rate': 0.1, 'max_depth': 9, 'n_estimators': 300, 'subsample': 0.8};0,9996983471933387;0,00017050249881711744;9
408,68293871879575;4,044226508491833;0,7099823474884033;0,025824462790803124;0.8;0.1;9;200;0.8;{'colsample_bytree': 0.8, 'learning_rate': 0.1, 'max_depth': 9, 'n_estimators': 200, 'subsample': 0.8};0,9996983471933387;0,00015083693422772993;9
216,39683299064637;1,8613967989658888;0,39714393615722654;0,022044601172184753;0.8;0.3;9;200;0.8;{'colsample_bytree': 0.8, 'learning_rate': 0.3, 'max_depth': 9, 'n_estimators': 200, 'subsample': 0.8};0,9996983471933387;0,00015083693422772993;9
445,8755684375763;0,930400410437716;0,7044865131378174;0,038538406864469674;1.0;0.1;3;300;0.8;{'colsample_bytree': 1.0, 'learning_rate': 0.1, 'max_depth': 3, 'n_estimators': 300, 'subsample': 0.8};0,9996732247292244;0,0002331110553762777;12
249,4218554019928;1,5080266156887685;0,4240866184234619;0,021223195148911186;1.0;0.3;3;200;1.0;{'colsample_bytree': 1.0, 'learning_rate': 0.3, 'max_depth': 3, 'n_estimators': 200, 'subsample': 1.0};0,9996732215699607;0,00018811245094698957;13
320,0766445636749;4,4946397691002415;0,529512882232666;0,02012550132997918;1.0;0.3;3;300;1.0;{'colsample_bytree': 1.0, 'learning_rate': 0.3, 'max_depth': 3, 'n_estimators': 300, 'subsample': 1.0};0,9996732184106971;0,00023312263774656887;14
265,3707802295685;2,1011216401032926;0,4904766082763672;0,017425517114797544;0.8;0.3;9;300;0.8;{'colsample_bytree': 0.8, 'learning_rate': 0.3, 'max_depth': 9, 'n_estimators': 300, 'subsample': 0.8};0,9996732152514335;0,0001281817209653437;15
381,8050618171692;2,06896324292846;0,6657645225524902;0,05868557981345182;0.8;0.1;3;300;0.8;{'colsample_bytree': 0.8, 'learning_rate': 0.1, 'max_depth': 3, 'n_estimators': 300, 'subsample': 0.8};0,9996480896280555;0,00024370883800929683;16
126,12391872406006;0,6838526903116722;0,24696030616760253;0,03573239356916357;0.8;0.3;3;100;0.8;{'colsample_bytree': 0.8, 'learning_rate': 0.3, 'max_depth': 3, 'n_estimators': 100, 'subsample': 0.8};0,9996480864687918;0,00021623757847636995;17
223,03112215995787;2,0497184573890284;0,4455915927886963;0,041512934912997346;0.8;0.3;6;200;1.0;{'colsample_bytree': 0.8, 'learning_rate': 0.3, 'max_depth': 6, 'n_estimators': 200, 'subsample': 1.0};0,9996480801502647;0,0001465826976842549;18
213,87060551643373;1,4468912044477127;0,4041025638580322;0,03457938026645164;0.8;0.3;6;200;0.8;{'colsample_bytree': 0.8, 'learning_rate': 0.3, 'max_depth': 6, 'n_estimators': 200, 'subsample': 0.8};0,9996480769910011;0,0001231621408129996;19
233,70354890823364;2,2655214514266167;0,38428025245666503;0,032219976971322076;1.0;0.3;6;200;0.8;{'colsample_bytree': 1.0, 'learning_rate': 0.3, 'max_depth': 6, 'n_estimators': 200, 'subsample': 0.8};0,9996480769910011;0,00014658865680980144;19
511,79304547309874;6,391709112464286;0,753062391281128;0,07587195621117944;1.0;0.1;6;300;0.8;{'colsample_bytree': 1.0, 'learning_rate': 0.1, 'max_depth': 6, 'n_estimators': 300, 'subsample': 0.8};0,9996480769910011;0,00012315569276990192;19
290,4864025115967;3,810163450192411;0,46618142127990725;0,04131291812222942;1.0;0.3;6;300;0.8;{'colsample_bytree': 1.0, 'learning_rate': 0.3, 'max_depth': 6, 'n_estimators': 300, 'subsample': 0.8};0,9996480769910011;0,00014658865680980144;19
272,7348632335663;2,2367297784831246;0,48736157417297366;0,015202209311226934;0.8;0.3;6;300;1.0;{'colsample_bytree': 0.8, 'learning_rate': 0.3, 'max_depth': 6, 'n_estimators': 300, 'subsample': 1.0};0,9996480769910011;0,00014658865680980144;19
159,7998586654663;1,1603880198011685;0,31262574195861814;0,02251771338886453;0.8;0.3;9;100;0.8;{'colsample_bytree': 0.8, 'learning_rate': 0.3, 'max_depth': 9, 'n_estimators': 100, 'subsample': 0.8};0,9996480769910011;9,407226771998499e-05;19
168,16726088523865;1,4246082914606475;0,30812411308288573;0,025508089295101385;0.8;0.3;9;100;1.0;{'colsample_bytree': 0.8, 'learning_rate': 0.3, 'max_depth': 9, 'n_estimators': 100, 'subsample': 1.0};0,9996480769910011;0,00014658865680980144;19
476,28264598846437;2,647949000023669;0,7353023052215576;0,05888646477079741;1.0;0.1;3;300;1.0;{'colsample_bytree': 1.0, 'learning_rate': 0.1, 'max_depth': 3, 'n_estimators': 300, 'subsample': 1.0};0,999622951367623;0,00021030667397044898;26
434,36058926582336;2,0775462759029466;0,6587401390075683;0,020985255432777287;0.8;0.1;9;200;1.0;{'colsample_bytree': 0.8, 'learning_rate': 0.1, 'max_depth': 9, 'n_estimators': 200, 'subsample': 1.0};0,9996229418898324;7,950415173259235e-05;27
263,7373556137085;2,6976512480231376;0,4993568420410156;0,03544908346102693;0.8;0.3;6;300;0.8;{'colsample_bytree': 0.8, 'learning_rate': 0.3, 'max_depth': 6, 'n_estimators': 300, 'subsample': 0.8};0,9996229418898324;0,00011242878420751368;27
158,17255082130433;1,08867933192933;0,2394418716430664;0,0334640946154517;1.0;0.3;3;100;1.0;{'colsample_bytree': 1.0, 'learning_rate': 0.3, 'max_depth': 3, 'n_estimators': 100, 'subsample': 1.0};0,9995978131071908;0,00024371405193864934;29
274,22883067131045;1,3994521967295845;0,5237302780151367;0,03510572542100489;0.8;0.3;3;300;1.0;{'colsample_bytree': 0.8, 'learning_rate': 0.3, 'max_depth': 3, 'n_estimators': 300, 'subsample': 1.0};0,9995978067886636;0,00040063715283711744;30
462,2489568710327;2,7017957311072887;0,8033641815185547;0,02978661237259675;0.8;0.1;6;300;0.8;{'colsample_bytree': 0.8, 'learning_rate': 0.1, 'max_depth': 6, 'n_estimators': 300, 'subsample': 0.8};0,9995978036294;0,00014658811557631605;31
160,69319138526916;1,11756887033329;0,3259424209594727;0,023091305205452377;0.8;0.3;6;100;1.0;{'colsample_bytree': 0.8, 'learning_rate': 0.3, 'max_depth': 6, 'n_estimators': 100, 'subsample': 1.0};0,9995978036294;0,0001847341830293912;31
484,7285737514496;2,161967511702532;0,8224395275115967;0,04980115703745823;0.8;0.1;6;300;1.0;{'colsample_bytree': 0.8, 'learning_rate': 0.1, 'max_depth': 6, 'n_estimators': 300, 'subsample': 1.0};0,9995978036294;0,0001231614966316778;31
243,5510603904724;2,546762678968623;0,3709387302398682;0,0338847172215762;1.0;0.3;6;200;1.0;{'colsample_bytree': 1.0, 'learning_rate': 0.3, 'max_depth': 6, 'n_estimators': 200, 'subsample': 1.0};0,9995978004701364;0,00018473805171344493;34
213,958810710907;0,9995944821725271;0,4186428070068359;0,02255240774621496;0.8;0.3;3;200;1.0;{'colsample_bytree': 0.8, 'learning_rate': 0.3, 'max_depth': 3, 'n_estimators': 200, 'subsample': 1.0};0,9995726716874949;0,00039427700107806397;35
167,4803982257843;1,4978868238156333;0,3235918998718262;0,035182896997792985;1.0;0.3;6;100;0.8;{'colsample_bytree': 1.0, 'learning_rate': 0.3, 'max_depth': 6, 'n_estimators': 100, 'subsample': 0.8};0,9995726716874949;0,00012817676589217824;35
422,2294874191284;2,887389428329624;0,6537868022918701;0,04343798358691723;1.0;0.1;6;200;0.8;{'colsample_bytree': 1.0, 'learning_rate': 0.1, 'max_depth': 6, 'n_estimators': 200, 'subsample': 0.8};0,9995726653689676;0,0001005688387918303;37
292,2963076591492;4,071070382736861;0,4372259616851807;0,03208892478405607;1.0;0.3;9;300;0.8;{'colsample_bytree': 1.0, 'learning_rate': 0.3, 'max_depth': 9, 'n_estimators': 300, 'subsample': 0.8};0,9995726653689676;0,00012819287309206296;37
177,07239685058593;2,964042804725338;0,316623592376709;0,020936438275583794;1.0;0.3;6;100;1.0;{'colsample_bytree': 1.0, 'learning_rate': 0.3, 'max_depth': 6, 'n_estimators': 100, 'subsample': 1.0};0,9995726653689676;0,00017050529453046018;37
320,487672996521;2,21200772650965;0,5125246524810791;0,047672016322000126;1.0;0.1;3;200;0.8;{'colsample_bytree': 1.0, 'learning_rate': 0.1, 'max_depth': 3, 'n_estimators': 200, 'subsample': 0.8};0,999547536586326;0,0003428341419534114;40
300,6234173297882;4,134007049717089;0,4694506645202637;0,036288359538247876;1.0;0.3;6;300;1.0;{'colsample_bytree': 1.0, 'learning_rate': 0.3, 'max_depth': 6, 'n_estimators': 300, 'subsample': 1.0};0,9995475271085352;0,00017050762342731143;41
133,51824913024902;0,9577135593717391;0,2699692726135254;0,028248061416243486;0.8;0.3;3;100;1.0;{'colsample_bytree': 0.8, 'learning_rate': 0.3, 'max_depth': 3, 'n_estimators': 100, 'subsample': 1.0};0,9995224014851573;0,0003315882879770312;42
377,53765215873716;2,149537331784814;0,6675965785980225;0,03296169025167588;0.8;0.1;6;200;0.8;{'colsample_bytree': 0.8, 'learning_rate': 0.1, 'max_depth': 6, 'n_estimators': 200, 'subsample': 0.8};0,9995223920073665;0,00012316730054413988;43
541,6099821567535;3,7957353595352394;0,8283486843109131;0,038247722741420666;1.0;0.1;6;300;1.0;{'colsample_bytree': 1.0, 'learning_rate': 0.1, 'max_depth': 6, 'n_estimators': 300, 'subsample': 1.0};0,9995223920073665;9,407902288857953e-05;43
295,345954990387;3,219322550414991;0,4839623928070068;0,03370719140096686;0.8;0.1;9;100;0.8;{'colsample_bytree': 0.8, 'learning_rate': 0.1, 'max_depth': 9, 'n_estimators': 100, 'subsample': 0.8};0,9994972600654612;0,00011241465848136062;45
405,3039124965668;2,811137766094498;0,6518783092498779;0,03762020105330651;0.8;0.1;3;300;1.0;{'colsample_bytree': 0.8, 'learning_rate': 0.1, 'max_depth': 3, 'n_estimators': 300, 'subsample': 1.0};0,9994972600654612;0,0003465070087252528;45
234,35578961372374;2,250938988091918;0,37746357917785645;0,02370000877104821;1.0;0.3;9;200;0.8;{'colsample_bytree': 1.0, 'learning_rate': 0.3, 'max_depth': 9, 'n_estimators': 200, 'subsample': 0.8};0,9994972600654612;7,948417493954587e-05;45
152,15612683296203;1,6743680575440256;0,323150110244751;0,032793375461823315;0.8;0.3;6;100;0.8;{'colsample_bytree': 0.8, 'learning_rate': 0.3, 'max_depth': 6, 'n_estimators': 100, 'subsample': 0.8};0,9994972569061975;7,950914844183803e-05;48
530,5335799694061;4,806530632732706;0,7453058242797852;0,0411540317625247;1.0;0.1;9;300;0.8;{'colsample_bytree': 1.0, 'learning_rate': 0.1, 'max_depth': 9, 'n_estimators': 300, 'subsample': 0.8};0,9994721218050288;0,00012315053668580898;49
173,85736579895018;2,2126695092402695;0,3004415512084961;0,04254152101863746;1.0;0.3;9;100;0.8;{'colsample_bytree': 1.0, 'learning_rate': 0.3, 'max_depth': 9, 'n_estimators': 100, 'subsample': 0.8};0,9994721218050288;9,405707474901702e-05;49
399,12856407165526;2,775775074842594;0,635792350769043;0,07029947738014636;0.8;0.1;6;200;1.0;{'colsample_bytree': 0.8, 'learning_rate': 0.1, 'max_depth': 6, 'n_estimators': 200, 'subsample': 1.0};0,9994721186457654;0,00018473719332156124;51
448,3918788433075;4,044739075744007;0,6490684509277344;0,014223968003035563;1.0;0.1;6;200;1.0;{'colsample_bytree': 1.0, 'learning_rate': 0.1, 'max_depth': 6, 'n_estimators': 200, 'subsample': 1.0};0,9994721154865017;0,0001465994929744917;52
317,2925572872162;1,1799632679403707;0,5172900676727294;0,03947513798943068;0.8;0.1;9;100;1.0;{'colsample_bytree': 0.8, 'learning_rate': 0.1, 'max_depth': 9, 'n_estimators': 100, 'subsample': 1.0};0,9994469803853328;0,00018812976034890118;53
342,9828410625458;1,968993093995448;0,5071133613586426;0,037087876670684264;1.0;0.1;3;200;1.0;{'colsample_bytree': 1.0, 'learning_rate': 0.1, 'max_depth': 3, 'n_estimators': 200, 'subsample': 1.0};0,9994218516026911;0,0004022062452404254;54
449,31935448646544;6,9444086943801455;0,6173565864562989;0,04735318146596687;1.0;0.1;9;200;0.8;{'colsample_bytree': 1.0, 'learning_rate': 0.1, 'max_depth': 9, 'n_estimators': 200, 'subsample': 0.8};0,9994218484434277;0,00012818172446927819;55
566,5883470535279;6,068004616119925;0,8099091529846192;0,04955646386191181;1.0;0.1;9;300;1.0;{'colsample_bytree': 1.0, 'learning_rate': 0.1, 'max_depth': 9, 'n_estimators': 300, 'subsample': 1.0};0,9994218484434277;6,157850060367443e-05;55
262,5560619354248;36,26985888782784;0,2968963623046875;0,1349243332843283;1.0;0.3;9;300;1.0;{'colsample_bytree': 1.0, 'learning_rate': 0.3, 'max_depth': 9, 'n_estimators': 300, 'subsample': 1.0};0,999396713342259;0,00012314537925113436;57
272,3971485137939;2,395671705036769;0,47235703468322754;0,032271286171400744;0.8;0.1;3;200;0.8;{'colsample_bytree': 0.8, 'learning_rate': 0.1, 'max_depth': 3, 'n_estimators': 200, 'subsample': 0.8};0,9993967101829953;0,0002799309441637902;58
288,7420775413513;1,8772374877277271;0,4916840553283691;0,03366595490381052;0.8;0.1;3;200;1.0;{'colsample_bytree': 0.8, 'learning_rate': 0.1, 'max_depth': 3, 'n_estimators': 200, 'subsample': 1.0};0,9993715782410902;0,00038943006203021757;59
182,10899624824523;1,9351843970864986;0,27450881004333494;0,03867384531975611;1.0;0.3;9;100;1.0;{'colsample_bytree': 1.0, 'learning_rate': 0.3, 'max_depth': 9, 'n_estimators': 100, 'subsample': 1.0};0,9993715750818264;0,00013768792838925203;60
475,78205885887144;5,951210032596293;0,5686147212982178;0,053815809671864646;1.0;0.1;9;200;1.0;{'colsample_bytree': 1.0, 'learning_rate': 0.1, 'max_depth': 9, 'n_estimators': 200, 'subsample': 1.0};0,999371571922563;7,951414559019781e-05;61
242,89873785972594;2,9451693780246004;0,3597074031829834;0,04520014396502034;1.0;0.3;9;200;1.0;{'colsample_bytree': 1.0, 'learning_rate': 0.3, 'max_depth': 9, 'n_estimators': 200, 'subsample': 1.0};0,9993464399806576;0,00014656969882919743;62
274,9645909309387;3,2908876042940034;0,4839298248291016;0,07013080930821516;0.8;0.1;6;100;1.0;{'colsample_bytree': 0.8, 'learning_rate': 0.1, 'max_depth': 6, 'n_estimators': 100, 'subsample': 1.0};0,9992458837796647;0,00015901329767944878;63
349,790389919281;4,196817982037991;0,45738987922668456;0,028841707801810165;1.0;0.1;9;100;1.0;{'colsample_bytree': 1.0, 'learning_rate': 0.1, 'max_depth': 9, 'n_estimators': 100, 'subsample': 1.0};0,9992207455192321;0,0001466124973572115;64
324,09210910797117;3,0863192610733012;0,4133479118347168;0,05097004891841823;1.0;0.1;9;100;0.8;{'colsample_bytree': 1.0, 'learning_rate': 0.1, 'max_depth': 9, 'n_estimators': 100, 'subsample': 0.8};0,9992207455192321;0,00018475353077178138;64
246,42647562026977;4,577927823994245;0,665792179107666;0,39277460444834117;0.8;0.1;6;100;0.8;{'colsample_bytree': 0.8, 'learning_rate': 0.1, 'max_depth': 6, 'n_estimators': 100, 'subsample': 0.8};0,9991956135773272;0,00027075146154417713;66
1113,408571434021;13,737937959711601;1,6906309127807617;0,04667576967393901;0.8;0.01;9;300;0.8;{'colsample_bytree': 0.8, 'learning_rate': 0.01, 'max_depth': 9, 'n_estimators': 300, 'subsample': 0.8};0,9991956104180634;0,00021916006270360406;67
277,33861713409425;2,7237905042700357;0,41986937522888185;0,024277763605212575;1.0;0.1;6;100;0.8;{'colsample_bytree': 1.0, 'learning_rate': 0.1, 'max_depth': 6, 'n_estimators': 100, 'subsample': 0.8};0,9991704689983674;0,00021917564332451787;68
811,2819975852966;4,331832660728088;1,214575958251953;0,051388105442334485;0.8;0.01;9;200;1.0;{'colsample_bytree': 0.8, 'learning_rate': 0.01, 'max_depth': 9, 'n_estimators': 200, 'subsample': 1.0};0,9991453370564625;0,00012317633439505382;69
1188,553655719757;7,284023703122916;1,7032301425933838;0,08636692813878595;0.8;0.01;9;300;1.0;{'colsample_bytree': 0.8, 'learning_rate': 0.01, 'max_depth': 9, 'n_estimators': 300, 'subsample': 1.0};0,9991202019552935;0,00013769370083467592;70
300,4309257984161;1,6957258634149035;0,4147472381591797;0,05307030013062181;1.0;0.1;6;100;1.0;{'colsample_bytree': 1.0, 'learning_rate': 0.1, 'max_depth': 6, 'n_estimators': 100, 'subsample': 1.0};0,9990699159566379;0,0002822100480924204;71
420,0847183704376;2,862910428667691;0,6791329860687256;0,04208367887331512;0.8;0.01;9;100;1.0;{'colsample_bytree': 0.8, 'learning_rate': 0.01, 'max_depth': 9, 'n_estimators': 100, 'subsample': 1.0};0,9989945201309224;0,0001124146712666702;72
757,5548563480377;5,441634616716623;1,141106128692627;0,03405348516129216;0.8;0.01;9;200;0.8;{'colsample_bytree': 0.8, 'learning_rate': 0.01, 'max_depth': 9, 'n_estimators': 200, 'subsample': 0.8};0,9989693755519629;0,0001667836053363365;73
393,06590819358826;3,693788560023295;0,6626564502716065;0,025156096405736177;0.8;0.01;9;100;0.8;{'colsample_bytree': 0.8, 'learning_rate': 0.01, 'max_depth': 9, 'n_estimators': 100, 'subsample': 0.8};0,9988436937275917;0,00021626843557985792;74
1306,5664412021638;8,327945631546111;1,5055249214172364;0,019893331037403417;1.0;0.01;9;300;1.0;{'colsample_bytree': 1.0, 'learning_rate': 0.01, 'max_depth': 9, 'n_estimators': 300, 'subsample': 1.0};0,99841636857435;0,00020422810489565137;75
1217,5414855003357;11,354254417204958;1,4872689247131348;0,05815150760166389;1.0;0.01;9;300;0.8;{'colsample_bytree': 1.0, 'learning_rate': 0.01, 'max_depth': 9, 'n_estimators': 300, 'subsample': 0.8};0,9984163654150866;0,0002191763840537267;76
832,7330846786499;8,27593513582717;1,0151748657226562;0,02843605157134199;1.0;0.01;9;200;0.8;{'colsample_bytree': 1.0, 'learning_rate': 0.01, 'max_depth': 9, 'n_estimators': 200, 'subsample': 0.8};0,9979890371025812;0,0002636749178503915;77
900,4556738376617;12,007289879871651;1,0832344055175782;0,036246609495029156;1.0;0.01;9;200;1.0;{'colsample_bytree': 1.0, 'learning_rate': 0.01, 'max_depth': 9, 'n_estimators': 200, 'subsample': 1.0};0,9978884966979061;0,00021620162336826227;78
181,49642271995543;0,7234256323700519;0,25127625465393066;0,027825905717892455;1.0;0.1;3;100;1.0;{'colsample_bytree': 1.0, 'learning_rate': 0.1, 'max_depth': 3, 'n_estimators': 100, 'subsample': 1.0};0,9978382359733594;0,0005642385718730318;79
151,6893988609314;0,7836834436528852;0,27179865837097167;0,016675080278844477;0.8;0.1;3;100;1.0;{'colsample_bytree': 0.8, 'learning_rate': 0.1, 'max_depth': 3, 'n_estimators': 100, 'subsample': 1.0};0,9977879531339674;0,0006583683793993261;80
168,77497091293336;0,9933508515864843;0,24309449195861815;0,02977342691382621;1.0;0.1;3;100;0.8;{'colsample_bytree': 1.0, 'learning_rate': 0.1, 'max_depth': 3, 'n_estimators': 100, 'subsample': 0.8};0,997737657657521;0,00044971514854843744;81
142,41724967956543;0,49392048604309297;0,24338946342468262;0,036316103200542765;0.8;0.1;3;100;0.8;{'colsample_bytree': 0.8, 'learning_rate': 0.1, 'max_depth': 3, 'n_estimators': 100, 'subsample': 0.8};0,9974108981830632;0,0007972284418499418;82
467,2272134304047;4,1193431899325965;0,5858211517333984;0,027722917914167713;1.0;0.01;9;100;1.0;{'colsample_bytree': 1.0, 'learning_rate': 0.01, 'max_depth': 9, 'n_estimators': 100, 'subsample': 1.0};0,9970086828568817;0,0005917504369373094;83
433,9153541564941;4,0930113230144745;0,5809015750885009;0,059514025006169535;1.0;0.01;9;100;0.8;{'colsample_bytree': 1.0, 'learning_rate': 0.01, 'max_depth': 9, 'n_estimators': 100, 'subsample': 0.8};0,9969332775533755;0,0004939386540410171;84
888,7669328689575;4,470607240502939;1,4323148250579834;0,03870179405399931;0.8;0.01;6;300;1.0;{'colsample_bytree': 0.8, 'learning_rate': 0.01, 'max_depth': 6, 'n_estimators': 300, 'subsample': 1.0};0,9967824732648898;0,0006725669009116728;85
831,5862224578857;4,346405672377592;1,3294003009796143;0,07560171661070186;0.8;0.01;6;300;0.8;{'colsample_bytree': 0.8, 'learning_rate': 0.01, 'max_depth': 6, 'n_estimators': 300, 'subsample': 0.8};0,996531106456884;0,0006678494971125997;86
950,3847556114197;8,769669701956756;1,2959078311920167;0,050437254765932873;1.0;0.01;6;300;0.8;{'colsample_bytree': 1.0, 'learning_rate': 0.01, 'max_depth': 6, 'n_estimators': 300, 'subsample': 0.8};0,9956513242084956;0,001230336399428019;87
1023,9860409259796;10,861190464875154;1,330636978149414;0,11337832720528841;1.0;0.01;6;300;1.0;{'colsample_bytree': 1.0, 'learning_rate': 0.01, 'max_depth': 6, 'n_estimators': 300, 'subsample': 1.0};0,9956010476876308;0,0010454252253638849;88
605,2595401287078;1,0948284403977773;0,9486475467681885;0,05399051318800727;0.8;0.01;6;200;1.0;{'colsample_bytree': 0.8, 'learning_rate': 0.01, 'max_depth': 6, 'n_estimators': 200, 'subsample': 1.0};0,9949977515520988;0,0007037264800013426;89
565,1167162418366;3,135005491571101;0,933175802230835;0,0414623604710601;0.8;0.01;6;200;0.8;{'colsample_bytree': 0.8, 'learning_rate': 0.01, 'max_depth': 6, 'n_estimators': 200, 'subsample': 0.8};0,9945452944569521;0,000713472684159825;90
650,1258767604828;3,704001791647284;0,9009959697723389;0,07233908237069096;1.0;0.01;6;200;0.8;{'colsample_bytree': 1.0, 'learning_rate': 0.01, 'max_depth': 6, 'n_estimators': 200, 'subsample': 0.8};0,9934895475448003;0,0012037923289786934;91
702,6157019138336;8,328968082668368;0,9677132129669189;0,057999134717351374;1.0;0.01;6;200;1.0;{'colsample_bytree': 1.0, 'learning_rate': 0.01, 'max_depth': 6, 'n_estimators': 200, 'subsample': 1.0};0,9934392425905634;0,0010129572014325918;92
294,8585506439209;2,7463432195985504;0,4863307952880859;0,03924338894110428;0.8;0.01;6;100;0.8;{'colsample_bytree': 0.8, 'learning_rate': 0.01, 'max_depth': 6, 'n_estimators': 100, 'subsample': 0.8};0,9925846175581888;0,0011599539327890025;93
315,6767159938812;2,2061370288041395;0,5608995914459228;0,02304573928688308;0.8;0.01;6;100;1.0;{'colsample_bytree': 0.8, 'learning_rate': 0.01, 'max_depth': 6, 'n_estimators': 100, 'subsample': 1.0};0,992257842287413;0,0008431228783192579;94
364,329217672348;2,3671171603505616;0,5529690742492676;0,017401944885307257;1.0;0.01;6;100;1.0;{'colsample_bytree': 1.0, 'learning_rate': 0.01, 'max_depth': 6, 'n_estimators': 100, 'subsample': 1.0};0,9898195321219074;0,0013604764148909035;95
338,3354622840881;3,0239806552859894;0,5130703926086426;0,028029743916506523;1.0;0.01;6;100;0.8;{'colsample_bytree': 1.0, 'learning_rate': 0.01, 'max_depth': 6, 'n_estimators': 100, 'subsample': 0.8};0,9897441426147189;0,0010796470948803113;96
527,2700211524964;2,30518138899009;0,6552480697631836;0,03757172888468029;1.0;0.01;3;300;0.8;{'colsample_bytree': 1.0, 'learning_rate': 0.01, 'max_depth': 3, 'n_estimators': 300, 'subsample': 0.8};0,9673721712980523;0,0009189895991390165;97
472,7775127887726;2,406556787240029;0,6759981155395508;0,04527878796219506;0.8;0.01;3;300;1.0;{'colsample_bytree': 0.8, 'learning_rate': 0.01, 'max_depth': 3, 'n_estimators': 300, 'subsample': 1.0};0,9673470551524652;0,001061309419474754;98
443,16067237854;1,359012559870029;0,647160530090332;0,038823205225075694;0.8;0.01;3;300;0.8;{'colsample_bytree': 0.8, 'learning_rate': 0.01, 'max_depth': 3, 'n_estimators': 300, 'subsample': 0.8};0,9668192275057115;0,0011334847046654553;99
568,0212892055512;5,091754974106067;0,6742561340332032;0,04388050479031089;1.0;0.01;3;300;1.0;{'colsample_bytree': 1.0, 'learning_rate': 0.01, 'max_depth': 3, 'n_estimators': 300, 'subsample': 1.0};0,9665175115137782;0,0007315096917755396;100
316,95583109855653;0,5852399848908584;0,44367690086364747;0,05926784546570127;0.8;0.01;3;200;1.0;{'colsample_bytree': 0.8, 'learning_rate': 0.01, 'max_depth': 3, 'n_estimators': 200, 'subsample': 1.0};0,9565129861846036;0,001483212585107561;101
297,99092001914977;1,5011308599001303;0,4619542121887207;0,04356492752913221;0.8;0.01;3;200;0.8;{'colsample_bytree': 0.8, 'learning_rate': 0.01, 'max_depth': 3, 'n_estimators': 200, 'subsample': 0.8};0,9563873169972869;0,0012364183245582468;102
352,4475209236145;1,627141219942596;0,5011230945587158;0,013595344774403825;1.0;0.01;3;200;0.8;{'colsample_bytree': 1.0, 'learning_rate': 0.01, 'max_depth': 3, 'n_estimators': 200, 'subsample': 0.8};0,9550801874808114;0,0011031215073682567;103
379,9871594905853;2,2330727722201034;0,4948629379272461;0,025544104767678873;1.0;0.01;3;200;1.0;{'colsample_bytree': 1.0, 'learning_rate': 0.01, 'max_depth': 3, 'n_estimators': 200, 'subsample': 1.0};0,9546025826474415;0,0008276954415673651;104
159,67852935791015;1,4445111288361474;0,23699588775634767;0,025981980405185408;0.8;0.01;3;100;1.0;{'colsample_bytree': 0.8, 'learning_rate': 0.01, 'max_depth': 3, 'n_estimators': 100, 'subsample': 1.0};0,9451761993970482;0,0020415917867503473;105
150,13814468383788;0,7995696684761366;0,2402367115020752;0,03700039686645028;0.8;0.01;3;100;0.8;{'colsample_bytree': 0.8, 'learning_rate': 0.01, 'max_depth': 3, 'n_estimators': 100, 'subsample': 0.8};0,9442460995573683;0,0018426716494818417;106
176,69998965263366;0,8718721847432731;0,23988733291625977;0,022129680872406746;1.0;0.01;3;100;0.8;{'colsample_bytree': 1.0, 'learning_rate': 0.01, 'max_depth': 3, 'n_estimators': 100, 'subsample': 0.8};0,9294907147031435;0,002080883706499248;107
191,4573184490204;0,9852214777020999;0,261843204498291;0,021253580427314612;1.0;0.01;3;100;1.0;{'colsample_bytree': 1.0, 'learning_rate': 0.01, 'max_depth': 3, 'n_estimators': 100, 'subsample': 1.0};0,9279071843739285;0,0027404190733365677;108
