mean_fit_time;std_fit_time;mean_score_time;std_score_time;param_max_depth;param_max_features;param_min_samples_leaf;param_min_samples_split;param_n_estimators;params;mean_test_score;std_test_score;rank_test_score
26,45000853538513;0,21614164378754308;1,0309630393981934;0,12545678812579517;20;log2;2;2;100;{'max_depth': 20, 'max_features': 'log2', 'min_samples_leaf': 2, 'min_samples_split': 2, 'n_estimators': 100};0,9999748648988313;5,0270202337543426e-05;1
27,190328979492186;0,5132441641154397;1,0710874557495118;0,07910588160159507;20;sqrt;2;2;100;{'max_depth': 20, 'max_features': 'sqrt', 'min_samples_leaf': 2, 'min_samples_split': 2, 'n_estimators': 100};0,9999748648988313;5,0270202337543426e-05;1
129,4398302078247;0,9489253240896286;2,9734959602355957;0,147831340222217;20;sqrt;1;2;500;{'max_depth': 20, 'max_features': 'sqrt', 'min_samples_leaf': 1, 'min_samples_split': 2, 'n_estimators': 500};0,9999748617395676;5,027652086475598e-05;3
130,45883851051332;1,181568859492149;3,1208324909210203;0,12370412630794667;;sqrt;1;2;500;{'max_depth': None, 'max_features': 'sqrt', 'min_samples_leaf': 1, 'min_samples_split': 2, 'n_estimators': 500};0,9999748617395676;5,027652086475598e-05;3
26,34634861946106;0,3739059159681354;1,1217812061309815;0,07474256167662585;15;log2;1;5;100;{'max_depth': 15, 'max_features': 'log2', 'min_samples_leaf': 1, 'min_samples_split': 5, 'n_estimators': 100};0,9999748617395676;5,027652086475598e-05;3
26,535387182235716;0,5939334147270565;1,0816410064697266;0,07071093237846997;15;sqrt;1;5;100;{'max_depth': 15, 'max_features': 'sqrt', 'min_samples_leaf': 1, 'min_samples_split': 5, 'n_estimators': 100};0,9999748617395676;5,027652086475598e-05;3
130,62818236351012;0,7385943746475543;3,045421314239502;0,09600754904733587;20;log2;1;2;500;{'max_depth': 20, 'max_features': 'log2', 'min_samples_leaf': 1, 'min_samples_split': 2, 'n_estimators': 500};0,9999748617395676;5,027652086475598e-05;3
130,07287483215333;1,2927529281369101;3,1595672130584718;0,10355296238945882;;log2;1;2;500;{'max_depth': None, 'max_features': 'log2', 'min_samples_leaf': 1, 'min_samples_split': 2, 'n_estimators': 500};0,9999748617395676;5,027652086475598e-05;3
51,34218487739563;0,3438237587210766;1,5222486495971679;0,05468542407388773;20;log2;2;5;200;{'max_depth': 20, 'max_features': 'log2', 'min_samples_leaf': 2, 'min_samples_split': 5, 'n_estimators': 200};0,9999497266383989;6,157204199125035e-05;9
77,35844569206238;0,665918767386098;2,034795808792114;0,10869321601599989;20;sqrt;2;10;300;{'max_depth': 20, 'max_features': 'sqrt', 'min_samples_leaf': 2, 'min_samples_split': 10, 'n_estimators': 300};0,9999497266383989;6,157204199125035e-05;9
129,1416178703308;1,2932525342678205;3,1788947582244873;0,028003896810887316;;sqrt;2;2;500;{'max_depth': None, 'max_features': 'sqrt', 'min_samples_leaf': 2, 'min_samples_split': 2, 'n_estimators': 500};0,9999497266383989;6,157204199125035e-05;9
129,49161834716796;0,9609290444792215;3,141425037384033;0,117247295270458;15;sqrt;1;10;500;{'max_depth': 15, 'max_features': 'sqrt', 'min_samples_leaf': 1, 'min_samples_split': 10, 'n_estimators': 500};0,9999497266383989;6,157204199125035e-05;9
51,25765562057495;0,6138632778543598;1,662517499923706;0,08326101635669447;;sqrt;2;5;200;{'max_depth': None, 'max_features': 'sqrt', 'min_samples_leaf': 2, 'min_samples_split': 5, 'n_estimators': 200};0,9999497266383989;6,157204199125035e-05;9
129,77569904327393;0,6258136177487572;2,970194149017334;0,1986194386829142;;sqrt;2;5;500;{'max_depth': None, 'max_features': 'sqrt', 'min_samples_leaf': 2, 'min_samples_split': 5, 'n_estimators': 500};0,9999497266383989;6,157204199125035e-05;9
26,56956524848938;0,4368779589511492;1,0611163139343263;0,07360369267298716;;sqrt;2;2;100;{'max_depth': None, 'max_features': 'sqrt', 'min_samples_leaf': 2, 'min_samples_split': 2, 'n_estimators': 100};0,9999497266383989;6,157204199125035e-05;9
129,1467782497406;0,7714934525998451;3,1083146572113036;0,08275708623045509;20;log2;2;2;500;{'max_depth': 20, 'max_features': 'log2', 'min_samples_leaf': 2, 'min_samples_split': 2, 'n_estimators': 500};0,9999497266383989;6,157204199125035e-05;9
51,340412855148315;0,4885801906720648;1,5267136573791504;0,13308351359198772;15;sqrt;2;2;200;{'max_depth': 15, 'max_features': 'sqrt', 'min_samples_leaf': 2, 'min_samples_split': 2, 'n_estimators': 200};0,9999497266383989;6,157204199125035e-05;9
77,25103096961975;0,25870771196111303;2,007572317123413;0,1982736393937876;;sqrt;2;10;300;{'max_depth': None, 'max_features': 'sqrt', 'min_samples_leaf': 2, 'min_samples_split': 10, 'n_estimators': 300};0,9999497266383989;6,157204199125035e-05;9
129,05830941200256;1,7228162056401954;3,1306760787963865;0,06301484908165042;;sqrt;2;10;500;{'max_depth': None, 'max_features': 'sqrt', 'min_samples_leaf': 2, 'min_samples_split': 10, 'n_estimators': 500};0,9999497266383989;6,157204199125035e-05;9
77,08875451087951;0,8529639926219522;2,061139392852783;0,1640666139234519;20;log2;2;2;300;{'max_depth': 20, 'max_features': 'log2', 'min_samples_leaf': 2, 'min_samples_split': 2, 'n_estimators': 300};0,9999497266383989;6,157204199125035e-05;9
129,3239706993103;1,2614355622736018;3,1119489669799805;0,15897674419493074;15;sqrt;2;2;500;{'max_depth': 15, 'max_features': 'sqrt', 'min_samples_leaf': 2, 'min_samples_split': 2, 'n_estimators': 500};0,9999497266383989;6,157204199125035e-05;9
76,96538710594177;0,39583450547829485;2,1223775863647463;0,05131282169576979;;sqrt;2;5;300;{'max_depth': None, 'max_features': 'sqrt', 'min_samples_leaf': 2, 'min_samples_split': 5, 'n_estimators': 300};0,9999497266383989;6,157204199125035e-05;9
129,82572450637818;1,1751835264042378;3,02683310508728;0,21821686787973896;;sqrt;1;10;500;{'max_depth': None, 'max_features': 'sqrt', 'min_samples_leaf': 1, 'min_samples_split': 10, 'n_estimators': 500};0,9999497266383989;6,157204199125035e-05;9
129,4110686302185;0,5386499517868666;3,027668333053589;0,1613814527404975;20;sqrt;2;10;500;{'max_depth': 20, 'max_features': 'sqrt', 'min_samples_leaf': 2, 'min_samples_split': 10, 'n_estimators': 500};0,9999497266383989;6,157204199125035e-05;9
51,20505843162537;0,157731827972848;1,6471969127655028;0,06165647239731814;;sqrt;1;10;200;{'max_depth': None, 'max_features': 'sqrt', 'min_samples_leaf': 1, 'min_samples_split': 10, 'n_estimators': 200};0,9999497266383989;6,157204199125035e-05;9
26,616616868972777;0,4812700315714158;0,9792778491973877;0,14867717602533004;20;sqrt;1;5;100;{'max_depth': 20, 'max_features': 'sqrt', 'min_samples_leaf': 1, 'min_samples_split': 5, 'n_estimators': 100};0,9999497266383989;6,157204199125035e-05;9
77,26462249755859;0,35618700039772716;2,050824689865112;0,08827442591952138;20;log2;2;10;300;{'max_depth': 20, 'max_features': 'log2', 'min_samples_leaf': 2, 'min_samples_split': 10, 'n_estimators': 300};0,9999497266383989;6,157204199125035e-05;9
77,59729056358337;0,5730498483935124;2,1191648960113527;0,145737939780886;20;sqrt;1;5;300;{'max_depth': 20, 'max_features': 'sqrt', 'min_samples_leaf': 1, 'min_samples_split': 5, 'n_estimators': 300};0,9999497266383989;6,157204199125035e-05;9
129,40317521095275;0,933454535469702;3,134981632232666;0,10318447106537651;20;sqrt;1;5;500;{'max_depth': 20, 'max_features': 'sqrt', 'min_samples_leaf': 1, 'min_samples_split': 5, 'n_estimators': 500};0,9999497266383989;6,157204199125035e-05;9
26,478133869171142;0,23769750823454097;1,0277311325073242;0,12315821645584615;15;sqrt;1;2;100;{'max_depth': 15, 'max_features': 'sqrt', 'min_samples_leaf': 1, 'min_samples_split': 2, 'n_estimators': 100};0,9999497266383989;6,157204199125035e-05;9
129,6101632118225;0,5224242522545919;2,955673408508301;0,24611983423319242;20;log2;2;5;500;{'max_depth': 20, 'max_features': 'log2', 'min_samples_leaf': 2, 'min_samples_split': 5, 'n_estimators': 500};0,9999497266383989;6,157204199125035e-05;9
129,5152732849121;0,402429773632775;3,0652233123779298;0,17790739352600765;15;sqrt;1;2;500;{'max_depth': 15, 'max_features': 'sqrt', 'min_samples_leaf': 1, 'min_samples_split': 2, 'n_estimators': 500};0,9999497266383989;6,157204199125035e-05;9
51,66722512245178;0,5611237658438073;1,626054048538208;0,1395904008826518;15;sqrt;1;5;200;{'max_depth': 15, 'max_features': 'sqrt', 'min_samples_leaf': 1, 'min_samples_split': 5, 'n_estimators': 200};0,9999497266383989;6,157204199125035e-05;9
77,27492566108704;0,7028355311349542;2,0827076911926268;0,19071539832346918;15;sqrt;1;5;300;{'max_depth': 15, 'max_features': 'sqrt', 'min_samples_leaf': 1, 'min_samples_split': 5, 'n_estimators': 300};0,9999497266383989;6,157204199125035e-05;9
77,25460829734803;0,6177588547076117;2,0771888732910155;0,11633727786285508;20;log2;2;5;300;{'max_depth': 20, 'max_features': 'log2', 'min_samples_leaf': 2, 'min_samples_split': 5, 'n_estimators': 300};0,9999497266383989;6,157204199125035e-05;9
26,385978937149048;0,4907376227793703;1,1062279224395752;0,07921614787591934;;sqrt;1;5;100;{'max_depth': None, 'max_features': 'sqrt', 'min_samples_leaf': 1, 'min_samples_split': 5, 'n_estimators': 100};0,9999497266383989;6,157204199125035e-05;9
51,526690292358396;0,4772747522888998;1,6323110580444335;0,11939339450717823;;sqrt;1;5;200;{'max_depth': None, 'max_features': 'sqrt', 'min_samples_leaf': 1, 'min_samples_split': 5, 'n_estimators': 200};0,9999497266383989;6,157204199125035e-05;9
77,58998351097107;1,1820957333367716;2,0145756244659423;0,14675260566359533;;sqrt;1;5;300;{'max_depth': None, 'max_features': 'sqrt', 'min_samples_leaf': 1, 'min_samples_split': 5, 'n_estimators': 300};0,9999497266383989;6,157204199125035e-05;9
129,75326681137085;0,6026407689142447;3,212006950378418;0,0569167825631035;;sqrt;1;5;500;{'max_depth': None, 'max_features': 'sqrt', 'min_samples_leaf': 1, 'min_samples_split': 5, 'n_estimators': 500};0,9999497266383989;6,157204199125035e-05;9
51,34700174331665;0,1970788399463025;1,5985848903656006;0,10955790270931291;20;sqrt;1;10;200;{'max_depth': 20, 'max_features': 'sqrt', 'min_samples_leaf': 1, 'min_samples_split': 10, 'n_estimators': 200};0,9999497266383989;6,157204199125035e-05;9
77,27322506904602;0,5103585303135044;2,053909683227539;0,0933929739046805;;sqrt;1;10;300;{'max_depth': None, 'max_features': 'sqrt', 'min_samples_leaf': 1, 'min_samples_split': 10, 'n_estimators': 300};0,9999497266383989;6,157204199125035e-05;9
130,00969772338868;0,9780525095374067;3,1142141819000244;0,02728235867825402;15;sqrt;1;5;500;{'max_depth': 15, 'max_features': 'sqrt', 'min_samples_leaf': 1, 'min_samples_split': 5, 'n_estimators': 500};0,9999497266383989;6,157204199125035e-05;9
77,30852813720703;0,7407873949423226;2,084517574310303;0,1090295484258414;20;log2;1;10;300;{'max_depth': 20, 'max_features': 'log2', 'min_samples_leaf': 1, 'min_samples_split': 10, 'n_estimators': 300};0,9999497266383989;6,157204199125035e-05;9
129,0776575565338;0,8271386155751951;3,0365686416625977;0,22416162645281415;15;sqrt;2;5;500;{'max_depth': 15, 'max_features': 'sqrt', 'min_samples_leaf': 2, 'min_samples_split': 5, 'n_estimators': 500};0,9999497266383989;6,157204199125035e-05;9
26,260175228118896;0,4751571152275204;1,0704463958740233;0,08842167928569272;20;log2;1;5;100;{'max_depth': 20, 'max_features': 'log2', 'min_samples_leaf': 1, 'min_samples_split': 5, 'n_estimators': 100};0,9999497266383989;6,157204199125035e-05;9
51,34641466140747;0,4511588482685701;1,6481242656707764;0,05126667075780122;;log2;2;5;200;{'max_depth': None, 'max_features': 'log2', 'min_samples_leaf': 2, 'min_samples_split': 5, 'n_estimators': 200};0,9999497266383989;6,157204199125035e-05;9
77,04032802581787;0,4772265579452542;2,183549404144287;0,061044740684496904;;log2;2;5;300;{'max_depth': None, 'max_features': 'log2', 'min_samples_leaf': 2, 'min_samples_split': 5, 'n_estimators': 300};0,9999497266383989;6,157204199125035e-05;9
129,36392164230347;0,20170044294089065;3,105035638809204;0,07452255194843355;;log2;2;5;500;{'max_depth': None, 'max_features': 'log2', 'min_samples_leaf': 2, 'min_samples_split': 5, 'n_estimators': 500};0,9999497266383989;6,157204199125035e-05;9
129,5339843273163;0,7214183985333262;3,008150339126587;0,1755629512904077;15;log2;1;10;500;{'max_depth': 15, 'max_features': 'log2', 'min_samples_leaf': 1, 'min_samples_split': 10, 'n_estimators': 500};0,9999497266383989;6,157204199125035e-05;9
77,23148579597473;0,7086810220109976;2,0846790313720702;0,12054585983256533;;log2;2;10;300;{'max_depth': None, 'max_features': 'log2', 'min_samples_leaf': 2, 'min_samples_split': 10, 'n_estimators': 300};0,9999497266383989;6,157204199125035e-05;9
128,74265837669373;0,8942138365835766;3,108553171157837;0,07579392086063197;;log2;2;10;500;{'max_depth': None, 'max_features': 'log2', 'min_samples_leaf': 2, 'min_samples_split': 10, 'n_estimators': 500};0,9999497266383989;6,157204199125035e-05;9
129,57701625823975;0,7017925987978517;3,122832918167114;0,06843316895751862;;log2;2;2;500;{'max_depth': None, 'max_features': 'log2', 'min_samples_leaf': 2, 'min_samples_split': 2, 'n_estimators': 500};0,9999497266383989;6,157204199125035e-05;9
130,7291515350342;1,2138485851417784;3,129786491394043;0,24872470733828647;20;sqrt;1;10;500;{'max_depth': 20, 'max_features': 'sqrt', 'min_samples_leaf': 1, 'min_samples_split': 10, 'n_estimators': 500};0,9999497266383989;6,157204199125035e-05;9
128,9677276611328;1,4556455341000507;3,102732038497925;0,26600275018210195;15;log2;2;2;500;{'max_depth': 15, 'max_features': 'log2', 'min_samples_leaf': 2, 'min_samples_split': 2, 'n_estimators': 500};0,9999497266383989;6,157204199125035e-05;9
78,52347297668457;0,9312183101301283;1,9871875762939453;0,20409052068860173;20;sqrt;2;2;300;{'max_depth': 20, 'max_features': 'sqrt', 'min_samples_leaf': 2, 'min_samples_split': 2, 'n_estimators': 300};0,9999497266383989;6,157204199125035e-05;9
129,2807029247284;1,0620208584319388;3,164442205429077;0,03098013089901344;20;sqrt;2;2;500;{'max_depth': 20, 'max_features': 'sqrt', 'min_samples_leaf': 2, 'min_samples_split': 2, 'n_estimators': 500};0,9999497266383989;6,157204199125035e-05;9
51,19285202026367;0,610314422153162;1,6739427089691161;0,03299965963593323;20;sqrt;2;5;200;{'max_depth': 20, 'max_features': 'sqrt', 'min_samples_leaf': 2, 'min_samples_split': 5, 'n_estimators': 200};0,9999497266383989;6,157204199125035e-05;9
129,07089943885802;0,8892640411486202;3,0955554008483888;0,10248597919040502;15;log2;2;5;500;{'max_depth': 15, 'max_features': 'log2', 'min_samples_leaf': 2, 'min_samples_split': 5, 'n_estimators': 500};0,9999497266383989;6,157204199125035e-05;9
77,36612634658813;0,5081905210173705;2,074599027633667;0,20700230417031149;20;sqrt;2;5;300;{'max_depth': 20, 'max_features': 'sqrt', 'min_samples_leaf': 2, 'min_samples_split': 5, 'n_estimators': 300};0,9999497266383989;6,157204199125035e-05;9
129,70782804489136;1,1881569557955425;3,1113043308258055;0,1543686800033605;20;sqrt;2;5;500;{'max_depth': 20, 'max_features': 'sqrt', 'min_samples_leaf': 2, 'min_samples_split': 5, 'n_estimators': 500};0,9999497266383989;6,157204199125035e-05;9
51,281196212768556;0,21458669858378393;1,5750357627868652;0,11101796652250143;15;log2;2;2;200;{'max_depth': 15, 'max_features': 'log2', 'min_samples_leaf': 2, 'min_samples_split': 2, 'n_estimators': 200};0,9999497266383989;6,157204199125035e-05;9
129,26618146896362;1,2064304228319218;3,1030226707458497;0,08669414283671545;20;log2;1;10;500;{'max_depth': 20, 'max_features': 'log2', 'min_samples_leaf': 1, 'min_samples_split': 10, 'n_estimators': 500};0,9999497266383989;6,157204199125035e-05;9
129,57830271720886;0,3584774928024747;3,176956558227539;0,07332987402829708;15;log2;1;5;500;{'max_depth': 15, 'max_features': 'log2', 'min_samples_leaf': 1, 'min_samples_split': 5, 'n_estimators': 500};0,9999497266383989;6,157204199125035e-05;9
26,568587160110475;0,546743240875225;1,038604736328125;0,08932062138755216;;log2;2;2;100;{'max_depth': None, 'max_features': 'log2', 'min_samples_leaf': 2, 'min_samples_split': 2, 'n_estimators': 100};0,9999497266383989;6,157204199125035e-05;9
51,35960240364075;0,834425338495825;1,5333597660064697;0,14836810046062937;20;sqrt;1;5;200;{'max_depth': 20, 'max_features': 'sqrt', 'min_samples_leaf': 1, 'min_samples_split': 5, 'n_estimators': 200};0,9999497266383989;6,157204199125035e-05;9
51,636019229888916;0,4062674020357528;1,4386070251464844;0,1917552103157766;20;log2;1;10;200;{'max_depth': 20, 'max_features': 'log2', 'min_samples_leaf': 1, 'min_samples_split': 10, 'n_estimators': 200};0,9999497266383989;6,157204199125035e-05;9
77,00225515365601;0,6007307615522381;2,1282113552093507;0,11115436159170915;20;sqrt;1;10;300;{'max_depth': 20, 'max_features': 'sqrt', 'min_samples_leaf': 1, 'min_samples_split': 10, 'n_estimators': 300};0,9999497266383989;6,157204199125035e-05;9
129,85083417892457;1,1573586541247307;2,9738184452056884;0,2714085550333695;20;log2;1;5;500;{'max_depth': 20, 'max_features': 'log2', 'min_samples_leaf': 1, 'min_samples_split': 5, 'n_estimators': 500};0,9999497266383989;6,157204199125035e-05;9
26,60933051109314;0,2108090985522006;1,08521409034729;0,1145165617136387;15;log2;1;2;100;{'max_depth': 15, 'max_features': 'log2', 'min_samples_leaf': 1, 'min_samples_split': 2, 'n_estimators': 100};0,9999497266383989;6,157204199125035e-05;9
77,19733166694641;0,4129346718170745;2,0557328701019286;0,1116450522136787;20;log2;1;5;300;{'max_depth': 20, 'max_features': 'log2', 'min_samples_leaf': 1, 'min_samples_split': 5, 'n_estimators': 300};0,9999497266383989;6,157204199125035e-05;9
129,89478635787964;1,1692205582337147;3,1326311111450194;0,11774017582602114;15;log2;1;2;500;{'max_depth': 15, 'max_features': 'log2', 'min_samples_leaf': 1, 'min_samples_split': 2, 'n_estimators': 500};0,9999497266383989;6,157204199125035e-05;9
77,3221435546875;0,5737981365681402;2,0985652446746825;0,12245959961905308;15;log2;1;5;300;{'max_depth': 15, 'max_features': 'log2', 'min_samples_leaf': 1, 'min_samples_split': 5, 'n_estimators': 300};0,9999497266383989;6,157204199125035e-05;9
51,99913773536682;0,32667029803978476;1,458317470550537;0,17660715459174256;20;log2;1;5;200;{'max_depth': 20, 'max_features': 'log2', 'min_samples_leaf': 1, 'min_samples_split': 5, 'n_estimators': 200};0,9999497266383989;6,157204199125035e-05;9
51,51853518486023;0,6216559785159502;1,6666129112243653;0,06844319348987132;;log2;1;5;200;{'max_depth': None, 'max_features': 'log2', 'min_samples_leaf': 1, 'min_samples_split': 5, 'n_estimators': 200};0,9999497266383989;6,157204199125035e-05;9
77,2370777130127;0,3801500046244719;2,1164878845214843;0,05049851148308825;;log2;1;5;300;{'max_depth': None, 'max_features': 'log2', 'min_samples_leaf': 1, 'min_samples_split': 5, 'n_estimators': 300};0,9999497266383989;6,157204199125035e-05;9
129,56987838745118;0,41755783709164995;3,2325066566467284;0,05459724055211433;;log2;1;5;500;{'max_depth': None, 'max_features': 'log2', 'min_samples_leaf': 1, 'min_samples_split': 5, 'n_estimators': 500};0,9999497266383989;6,157204199125035e-05;9
51,29342951774597;0,2821387056412347;1,60039963722229;0,05226895873915146;15;log2;1;5;200;{'max_depth': 15, 'max_features': 'log2', 'min_samples_leaf': 1, 'min_samples_split': 5, 'n_estimators': 200};0,9999497266383989;6,157204199125035e-05;9
51,34370183944702;0,41418552832748873;1,5284020900726318;0,11546016000887792;;log2;1;10;200;{'max_depth': None, 'max_features': 'log2', 'min_samples_leaf': 1, 'min_samples_split': 10, 'n_estimators': 200};0,9999497266383989;6,157204199125035e-05;9
77,64357690811157;0,44424928199295943;2,0715282917022706;0,13422264610657877;;log2;1;10;300;{'max_depth': None, 'max_features': 'log2', 'min_samples_leaf': 1, 'min_samples_split': 10, 'n_estimators': 300};0,9999497266383989;6,157204199125035e-05;9
129,34076833724976;0,9284932643509094;2,997964954376221;0,2087766852334562;;log2;1;10;500;{'max_depth': None, 'max_features': 'log2', 'min_samples_leaf': 1, 'min_samples_split': 10, 'n_estimators': 500};0,9999497266383989;6,157204199125035e-05;9
26,277771615982054;0,3244697022695712;1,0762836933135986;0,1611630147323807;;log2;1;5;100;{'max_depth': None, 'max_features': 'log2', 'min_samples_leaf': 1, 'min_samples_split': 5, 'n_estimators': 100};0,9999497266383989;6,157204199125035e-05;9
129,30047225952148;1,6657730174177987;3,0225024700164793;0,23182558722893581;20;log2;2;10;500;{'max_depth': 20, 'max_features': 'log2', 'min_samples_leaf': 2, 'min_samples_split': 10, 'n_estimators': 500};0,9999497266383989;6,157204199125035e-05;9
77,6432876586914;0,7917446351062482;2,0807442665100098;0,18698610228785945;20;log2;1;2;300;{'max_depth': 20, 'max_features': 'log2', 'min_samples_leaf': 1, 'min_samples_split': 2, 'n_estimators': 300};0,9999497234791352;6,157591108052211e-05;83
77,40662336349487;0,6771038338650233;2,0455042362213134;0,18644385455407425;;sqrt;1;2;300;{'max_depth': None, 'max_features': 'sqrt', 'min_samples_leaf': 1, 'min_samples_split': 2, 'n_estimators': 300};0,9999497234791352;6,157591108052211e-05;83
26,32727704048157;0,5279833470198213;1,1184964179992676;0,04789780086765318;15;sqrt;2;2;100;{'max_depth': 15, 'max_features': 'sqrt', 'min_samples_leaf': 2, 'min_samples_split': 2, 'n_estimators': 100};0,9999497234791352;0,00010055304172951196;83
26,429778718948363;0,3164833717714687;1,0262036323547363;0,11733984486561085;15;log2;2;2;100;{'max_depth': 15, 'max_features': 'log2', 'min_samples_leaf': 2, 'min_samples_split': 2, 'n_estimators': 100};0,9999497234791352;0,00010055304172951196;83
77,36770558357239;0,40464192767016954;2,0391808986663817;0,1358495764630109;20;sqrt;1;2;300;{'max_depth': 20, 'max_features': 'sqrt', 'min_samples_leaf': 1, 'min_samples_split': 2, 'n_estimators': 300};0,9999497234791352;6,157591108052211e-05;83
77,26250381469727;0,8827121237187122;2,1941625118255614;0,041905260229764485;;log2;1;2;300;{'max_depth': None, 'max_features': 'log2', 'min_samples_leaf': 1, 'min_samples_split': 2, 'n_estimators': 300};0,9999497234791352;6,157591108052211e-05;83
51,67523140907288;0,3861112441198984;1,5618841171264648;0,1301789305177757;20;sqrt;1;2;200;{'max_depth': 20, 'max_features': 'sqrt', 'min_samples_leaf': 1, 'min_samples_split': 2, 'n_estimators': 200};0,9999245883779665;6,157333182275355e-05;89
51,458514022827146;0,48480922836533313;1,4701952457427978;0,10096602346268856;20;sqrt;2;10;200;{'max_depth': 20, 'max_features': 'sqrt', 'min_samples_leaf': 2, 'min_samples_split': 10, 'n_estimators': 200};0,9999245883779665;6,157333182275355e-05;89
76,78755316734313;0,7996851241647988;2,0862748622894287;0,08330346504278462;15;log2;2;10;300;{'max_depth': 15, 'max_features': 'log2', 'min_samples_leaf': 2, 'min_samples_split': 10, 'n_estimators': 300};0,9999245883779665;0,00010055146228382521;89
26,58586530685425;0,49379984425135565;1,1122787475585938;0,07917776263864224;15;log2;2;10;100;{'max_depth': 15, 'max_features': 'log2', 'min_samples_leaf': 2, 'min_samples_split': 10, 'n_estimators': 100};0,9999245883779665;0,00010055146228382521;89
76,95629162788391;0,5849742081223483;2,0290030956268312;0,10946013639310527;15;log2;2;5;300;{'max_depth': 15, 'max_features': 'log2', 'min_samples_leaf': 2, 'min_samples_split': 5, 'n_estimators': 300};0,9999245883779665;6,157333182275355e-05;89
26,396969699859618;0,39068570413379183;1,147750234603882;0,04209464657719393;20;sqrt;2;5;100;{'max_depth': 20, 'max_features': 'sqrt', 'min_samples_leaf': 2, 'min_samples_split': 5, 'n_estimators': 100};0,9999245883779665;0,00010055146228382521;89
51,442956113815306;0,6097843449925228;1,574538278579712;0,15465242605045987;15;log2;2;5;200;{'max_depth': 15, 'max_features': 'log2', 'min_samples_leaf': 2, 'min_samples_split': 5, 'n_estimators': 200};0,9999245883779665;6,157333182275355e-05;89
26,53781690597534;0,4255325099689023;1,1019207954406738;0,109700665538791;15;log2;2;5;100;{'max_depth': 15, 'max_features': 'log2', 'min_samples_leaf': 2, 'min_samples_split': 5, 'n_estimators': 100};0,9999245883779665;6,157333182275355e-05;89
76,83870525360108;0,5340933870857747;2,053188371658325;0,15926241538942554;15;log2;2;2;300;{'max_depth': 15, 'max_features': 'log2', 'min_samples_leaf': 2, 'min_samples_split': 2, 'n_estimators': 300};0,9999245883779665;6,157333182275355e-05;89
76,86649885177613;0,6654304850737088;2,076520824432373;0,1458152406222876;15;log2;1;10;300;{'max_depth': 15, 'max_features': 'log2', 'min_samples_leaf': 1, 'min_samples_split': 10, 'n_estimators': 300};0,9999245883779665;0,00010055146228382521;89
51,2056097984314;0,2319969342438492;1,5647396564483642;0,13216541285433336;15;log2;1;10;200;{'max_depth': 15, 'max_features': 'log2', 'min_samples_leaf': 1, 'min_samples_split': 10, 'n_estimators': 200};0,9999245883779665;0,00010055146228382521;89
76,50378217697144;0,4654544826629268;2,1708771705627443;0,03150687030242196;;log2;4;10;300;{'max_depth': None, 'max_features': 'log2', 'min_samples_leaf': 4, 'min_samples_split': 10, 'n_estimators': 300};0,9999245883779665;0,00010055146228382521;89
128,71351051330566;1,3725725485058689;3,0890416622161867;0,13866254329697392;15;sqrt;2;10;500;{'max_depth': 15, 'max_features': 'sqrt', 'min_samples_leaf': 2, 'min_samples_split': 10, 'n_estimators': 500};0,9999245883779665;0,00010055146228382521;89
76,94580554962158;0,6600378237421143;2,094452714920044;0,14932100409037682;15;sqrt;2;10;300;{'max_depth': 15, 'max_features': 'sqrt', 'min_samples_leaf': 2, 'min_samples_split': 10, 'n_estimators': 300};0,9999245883779665;0,00010055146228382521;89
26,41586790084839;0,5047851254064971;1,1038206100463868;0,06746626006789945;15;sqrt;2;10;100;{'max_depth': 15, 'max_features': 'sqrt', 'min_samples_leaf': 2, 'min_samples_split': 10, 'n_estimators': 100};0,9999245883779665;0,00010055146228382521;89
77,2965308189392;0,42326999735216203;2,179282808303833;0,06161828181122751;15;sqrt;2;5;300;{'max_depth': 15, 'max_features': 'sqrt', 'min_samples_leaf': 2, 'min_samples_split': 5, 'n_estimators': 300};0,9999245883779665;6,157333182275355e-05;89
51,44149007797241;0,27753298372527113;1,599644088745117;0,11267484991254059;15;sqrt;2;5;200;{'max_depth': 15, 'max_features': 'sqrt', 'min_samples_leaf': 2, 'min_samples_split': 5, 'n_estimators': 200};0,9999245883779665;6,157333182275355e-05;89
26,43252944946289;0,4496803395104829;1,1173828125;0,08114549144608517;15;sqrt;2;5;100;{'max_depth': 15, 'max_features': 'sqrt', 'min_samples_leaf': 2, 'min_samples_split': 5, 'n_estimators': 100};0,9999245883779665;6,157333182275355e-05;89
77,27031903266906;0,3038202643873114;2,0732190132141115;0,10643554170977584;15;sqrt;2;2;300;{'max_depth': 15, 'max_features': 'sqrt', 'min_samples_leaf': 2, 'min_samples_split': 2, 'n_estimators': 300};0,9999245883779665;6,157333182275355e-05;89
26,416450595855714;0,22437288096262;1,0287086009979247;0,057705353160650154;20;sqrt;1;10;100;{'max_depth': 20, 'max_features': 'sqrt', 'min_samples_leaf': 1, 'min_samples_split': 10, 'n_estimators': 100};0,9999245883779665;6,157333182275355e-05;89
51,38702058792114;0,552832083483206;1,6349563598632812;0,07946173387895165;15;sqrt;1;10;200;{'max_depth': 15, 'max_features': 'sqrt', 'min_samples_leaf': 1, 'min_samples_split': 10, 'n_estimators': 200};0,9999245883779665;0,00010055146228382521;89
77,38565597534179;0,40283861869740356;2,121342134475708;0,1627730553761966;15;sqrt;1;2;300;{'max_depth': 15, 'max_features': 'sqrt', 'min_samples_leaf': 1, 'min_samples_split': 2, 'n_estimators': 300};0,9999245883779665;6,157333182275355e-05;89
26,372929096221924;0,5171141117432022;1,131186056137085;0,09656366692633944;20;sqrt;1;2;100;{'max_depth': 20, 'max_features': 'sqrt', 'min_samples_leaf': 1, 'min_samples_split': 2, 'n_estimators': 100};0,9999245883779665;6,157333182275355e-05;89
77,31281824111939;0,5266930965464425;2,071424627304077;0,14445206338763367;15;log2;1;2;300;{'max_depth': 15, 'max_features': 'log2', 'min_samples_leaf': 1, 'min_samples_split': 2, 'n_estimators': 300};0,9999245883779665;6,157333182275355e-05;89
77,37153911590576;0,4782582407586462;2,179775047302246;0,06589892644360464;15;sqrt;1;10;300;{'max_depth': 15, 'max_features': 'sqrt', 'min_samples_leaf': 1, 'min_samples_split': 10, 'n_estimators': 300};0,9999245883779665;0,00010055146228382521;89
112,32151217460633;24,839326875130528;2,4316800594329835;0,8283299168050353;;log2;4;10;500;{'max_depth': None, 'max_features': 'log2', 'min_samples_leaf': 4, 'min_samples_split': 10, 'n_estimators': 500};0,9999245883779665;0,00010055146228382521;89
76,9661545753479;0,8767138322225071;2,0776017189025877;0,06016731129873192;;log2;2;2;300;{'max_depth': None, 'max_features': 'log2', 'min_samples_leaf': 2, 'min_samples_split': 2, 'n_estimators': 300};0,9999245883779665;6,157333182275355e-05;89
26,53010320663452;0,5453416990764626;1,1465985774993896;0,043443354089390304;;sqrt;1;10;100;{'max_depth': None, 'max_features': 'sqrt', 'min_samples_leaf': 1, 'min_samples_split': 10, 'n_estimators': 100};0,9999245883779665;6,157333182275355e-05;89
51,34377980232239;0,5419486509777245;1,5901837825775147;0,1299392161141053;;sqrt;1;2;200;{'max_depth': None, 'max_features': 'sqrt', 'min_samples_leaf': 1, 'min_samples_split': 2, 'n_estimators': 200};0,9999245883779665;6,157333182275355e-05;89
26,751541662216187;0,3282267608562975;1,0710519313812257;0,07069576669525109;;sqrt;1;2;100;{'max_depth': None, 'max_features': 'sqrt', 'min_samples_leaf': 1, 'min_samples_split': 2, 'n_estimators': 100};0,9999245883779665;6,157333182275355e-05;89
128,52337532043458;0,8988511994971383;3,0696108818054197;0,16792483833267516;20;log2;4;10;500;{'max_depth': 20, 'max_features': 'log2', 'min_samples_leaf': 4, 'min_samples_split': 10, 'n_estimators': 500};0,9999245883779665;0,00010055146228382521;89
76,34774641990661;0,3812176936659726;2,0923046588897707;0,14036216621223313;;sqrt;4;10;300;{'max_depth': None, 'max_features': 'sqrt', 'min_samples_leaf': 4, 'min_samples_split': 10, 'n_estimators': 300};0,9999245883779665;0,00010055146228382521;89
128,3221127986908;0,7741699319581161;3,134963274002075;0,11520731347381717;;sqrt;4;10;500;{'max_depth': None, 'max_features': 'sqrt', 'min_samples_leaf': 4, 'min_samples_split': 10, 'n_estimators': 500};0,9999245883779665;0,00010055146228382521;89
26,469297552108763;0,3395903220508375;1,1194050312042236;0,1106548614120951;;log2;1;2;100;{'max_depth': None, 'max_features': 'log2', 'min_samples_leaf': 1, 'min_samples_split': 2, 'n_estimators': 100};0,9999245883779665;6,157333182275355e-05;89
51,571251440048215;0,44488179504129344;1,5914899826049804;0,1459212304893866;;log2;1;2;200;{'max_depth': None, 'max_features': 'log2', 'min_samples_leaf': 1, 'min_samples_split': 2, 'n_estimators': 200};0,9999245883779665;6,157333182275355e-05;89
26,43953914642334;0,43809766654875243;1,1953413486480713;0,02729048974271259;;log2;1;10;100;{'max_depth': None, 'max_features': 'log2', 'min_samples_leaf': 1, 'min_samples_split': 10, 'n_estimators': 100};0,9999245883779665;6,157333182275355e-05;89
26,4448308467865;0,4232160332114182;1,143440341949463;0,036335617507337034;;log2;2;5;100;{'max_depth': None, 'max_features': 'log2', 'min_samples_leaf': 2, 'min_samples_split': 5, 'n_estimators': 100};0,9999245883779665;0,00010055146228382521;89
26,475400352478026;0,5721849685160572;1,1831496238708497;0,08580383792659896;;sqrt;2;5;100;{'max_depth': None, 'max_features': 'sqrt', 'min_samples_leaf': 2, 'min_samples_split': 5, 'n_estimators': 100};0,9999245883779665;0,00010055146228382521;89
51,65464024543762;0,26771614126029336;1,3314478874206543;0,10736308204920685;20;log2;2;10;200;{'max_depth': 20, 'max_features': 'log2', 'min_samples_leaf': 2, 'min_samples_split': 10, 'n_estimators': 200};0,9999245883779665;6,157333182275355e-05;89
26,538576984405516;0,2681513095131476;1,1188068389892578;0,1255520692691628;20;log2;2;5;100;{'max_depth': 20, 'max_features': 'log2', 'min_samples_leaf': 2, 'min_samples_split': 5, 'n_estimators': 100};0,9999245883779665;0,00010055146228382521;89
51,46481232643127;0,6187949550091469;1,5386595726013184;0,1294121407605781;;log2;2;10;200;{'max_depth': None, 'max_features': 'log2', 'min_samples_leaf': 2, 'min_samples_split': 10, 'n_estimators': 200};0,9999245883779665;6,157333182275355e-05;89
77,32639503479004;0,43250518596011284;2,0970897674560547;0,14776988864532267;;sqrt;2;2;300;{'max_depth': None, 'max_features': 'sqrt', 'min_samples_leaf': 2, 'min_samples_split': 2, 'n_estimators': 300};0,9999245883779665;6,157333182275355e-05;89
128,86581072807311;0,5347805057667704;2,97527494430542;0,1728391175288565;15;log2;2;10;500;{'max_depth': 15, 'max_features': 'log2', 'min_samples_leaf': 2, 'min_samples_split': 10, 'n_estimators': 500};0,9999245883779665;0,00010055146228382521;89
51,45004501342773;0,12643339045835766;1,5294786930084228;0,10167544917685807;20;log2;1;2;200;{'max_depth': 20, 'max_features': 'log2', 'min_samples_leaf': 1, 'min_samples_split': 2, 'n_estimators': 200};0,9999245883779665;6,157333182275355e-05;89
26,572982597351075;0,41278605640266874;1,1567976951599122;0,058461281607100325;20;log2;1;2;100;{'max_depth': 20, 'max_features': 'log2', 'min_samples_leaf': 1, 'min_samples_split': 2, 'n_estimators': 100};0,9999245883779665;6,157333182275355e-05;89
51,43187532424927;0,4574472021145192;1,550817346572876;0,10513801199567982;;sqrt;2;10;200;{'max_depth': None, 'max_features': 'sqrt', 'min_samples_leaf': 2, 'min_samples_split': 10, 'n_estimators': 200};0,9999245883779665;6,157333182275355e-05;89
128,13600354194642;1,1385151538340548;3,185597467422485;0,07208279709913062;20;sqrt;4;10;500;{'max_depth': 20, 'max_features': 'sqrt', 'min_samples_leaf': 4, 'min_samples_split': 10, 'n_estimators': 500};0,9999245883779665;0,00010055146228382521;89
26,62251009941101;0,432223405421573;0,9902623653411865;0,12305154707934891;20;log2;1;10;100;{'max_depth': 20, 'max_features': 'log2', 'min_samples_leaf': 1, 'min_samples_split': 10, 'n_estimators': 100};0,9999245883779665;6,157333182275355e-05;89
51,518288898468015;0,2180040844106247;1,5741313457489015;0,154755312728048;15;sqrt;1;2;200;{'max_depth': 15, 'max_features': 'sqrt', 'min_samples_leaf': 1, 'min_samples_split': 2, 'n_estimators': 200};0,9998994532767977;5,027336209748345e-05;137
51,25256562232971;0,3009128958002486;1,5954734802246093;0,14754053119075905;15;log2;1;2;200;{'max_depth': 15, 'max_features': 'log2', 'min_samples_leaf': 1, 'min_samples_split': 2, 'n_estimators': 200};0,9998994532767977;5,027336209748345e-05;137
26,43695659637451;0,638164491484915;1,1311261177062988;0,042331493180045074;15;sqrt;1;10;100;{'max_depth': 15, 'max_features': 'sqrt', 'min_samples_leaf': 1, 'min_samples_split': 10, 'n_estimators': 100};0,9998994501175341;0,00014657944562723396;139
51,18591938018799;0,20205873883469652;1,5866371631622314;0,12356929853087142;15;log2;2;10;200;{'max_depth': 15, 'max_features': 'log2', 'min_samples_leaf': 2, 'min_samples_split': 10, 'n_estimators': 200};0,9998994501175341;9,405791369717926e-05;139
26,284057807922363;0,4653680353524811;1,139657211303711;0,042379382847129915;20;sqrt;2;10;100;{'max_depth': 20, 'max_features': 'sqrt', 'min_samples_leaf': 2, 'min_samples_split': 10, 'n_estimators': 100};0,9998994501175341;0,00014657944562723396;139
76,70503144264221;0,20670435001048038;2,065041971206665;0,20488213245781456;20;log2;4;10;300;{'max_depth': 20, 'max_features': 'log2', 'min_samples_leaf': 4, 'min_samples_split': 10, 'n_estimators': 300};0,9998994501175341;0,00014657944562723396;139
51,47787485122681;0,42924476509593984;1,4936519622802735;0,12759893451968168;20;log2;2;2;200;{'max_depth': 20, 'max_features': 'log2', 'min_samples_leaf': 2, 'min_samples_split': 2, 'n_estimators': 200};0,9998994501175341;9,405791369717926e-05;139
51,575843811035156;0,20258479585311343;1,571278953552246;0,1559778837507451;;log2;2;2;200;{'max_depth': None, 'max_features': 'log2', 'min_samples_leaf': 2, 'min_samples_split': 2, 'n_estimators': 200};0,9998994501175341;9,405791369717926e-05;139
51,212010335922244;0,26092650886949126;1,5462053298950196;0,13325726518768174;15;sqrt;2;10;200;{'max_depth': 15, 'max_features': 'sqrt', 'min_samples_leaf': 2, 'min_samples_split': 10, 'n_estimators': 200};0,9998994501175341;9,405791369717926e-05;139
26,377230596542358;0,5288408841843443;1,1379429340362548;0,05364928922857883;15;log2;1;10;100;{'max_depth': 15, 'max_features': 'log2', 'min_samples_leaf': 1, 'min_samples_split': 10, 'n_estimators': 100};0,9998994501175341;0,00014657944562723396;139
26,327729558944704;0,36199602396010255;1,139062261581421;0,06517239786303104;;log2;2;10;100;{'max_depth': None, 'max_features': 'log2', 'min_samples_leaf': 2, 'min_samples_split': 10, 'n_estimators': 100};0,9998994501175341;0,00014657944562723396;139
51,41555109024048;0,42950142906660393;1,5943881034851075;0,12471473158888245;;sqrt;2;2;200;{'max_depth': None, 'max_features': 'sqrt', 'min_samples_leaf': 2, 'min_samples_split': 2, 'n_estimators': 200};0,9998994501175341;9,405791369717926e-05;139
52,776089382171634;0,27406280408538036;1,4774919986724853;0,09875291640691129;20;sqrt;2;2;200;{'max_depth': 20, 'max_features': 'sqrt', 'min_samples_leaf': 2, 'min_samples_split': 2, 'n_estimators': 200};0,9998994501175341;9,405791369717926e-05;139
26,708936786651613;0,47378044783344053;0,9648796558380127;0,09550565846717368;20;log2;2;10;100;{'max_depth': 20, 'max_features': 'log2', 'min_samples_leaf': 2, 'min_samples_split': 10, 'n_estimators': 100};0,9998994501175341;0,00014657944562723396;139
26,206747007369994;0,32106524215441967;1,1149669647216798;0,07574606824412396;;sqrt;2;10;100;{'max_depth': None, 'max_features': 'sqrt', 'min_samples_leaf': 2, 'min_samples_split': 10, 'n_estimators': 100};0,9998994501175341;0,00014657944562723396;139
76,61698350906372;0,5480294423248289;2,080045747756958;0,20663453835350773;20;sqrt;4;10;300;{'max_depth': 20, 'max_features': 'sqrt', 'min_samples_leaf': 4, 'min_samples_split': 10, 'n_estimators': 300};0,9998994501175341;0,00014657944562723396;139
50,95316643714905;0,3780691722644826;1,672010612487793;0,09072752699997272;;sqrt;4;10;200;{'max_depth': None, 'max_features': 'sqrt', 'min_samples_leaf': 4, 'min_samples_split': 10, 'n_estimators': 200};0,9998743118571017;0,0001376879230975092;153
26,215135192871095;0,42896687496280306;1,1122859477996827;0,08122426240368726;;sqrt;4;10;100;{'max_depth': None, 'max_features': 'sqrt', 'min_samples_leaf': 4, 'min_samples_split': 10, 'n_estimators': 100};0,9998743118571017;0,0001376879230975092;153
128,27262477874757;0,6561334070604193;3,0367859840393066;0,14702978371953881;;sqrt;4;5;500;{'max_depth': None, 'max_features': 'sqrt', 'min_samples_leaf': 4, 'min_samples_split': 5, 'n_estimators': 500};0,9998743118571017;0,00011242171850334349;153
50,84153251647949;0,4734102252970288;1,6090601921081542;0,17622957518545834;20;sqrt;4;2;200;{'max_depth': 20, 'max_features': 'sqrt', 'min_samples_leaf': 4, 'min_samples_split': 2, 'n_estimators': 200};0,9998743118571017;0,00011242171850334349;153
128,4960946083069;1,0572863705543867;3,1509055614471437;0,15034374279421536;;log2;4;2;500;{'max_depth': None, 'max_features': 'log2', 'min_samples_leaf': 4, 'min_samples_split': 2, 'n_estimators': 500};0,9998743118571017;0,00011242171850334349;153
51,12919759750366;0,16848017172532065;1,643862819671631;0,07305263307267573;;log2;4;5;200;{'max_depth': None, 'max_features': 'log2', 'min_samples_leaf': 4, 'min_samples_split': 5, 'n_estimators': 200};0,9998743118571017;0,00011242171850334349;153
128,30562953948976;0,6155837382725826;3,225213623046875;0,10143937017529112;;log2;4;5;500;{'max_depth': None, 'max_features': 'log2', 'min_samples_leaf': 4, 'min_samples_split': 5, 'n_estimators': 500};0,9998743118571017;0,00011242171850334349;153
26,06961307525635;0,3640161070209945;1,0831949234008789;0,06953882510674791;;log2;4;10;100;{'max_depth': None, 'max_features': 'log2', 'min_samples_leaf': 4, 'min_samples_split': 10, 'n_estimators': 100};0,9998743118571017;0,0001376879230975092;153
50,855901384353636;0,28114637171340384;1,6359655857086182;0,0806060709956531;;log2;4;10;200;{'max_depth': None, 'max_features': 'log2', 'min_samples_leaf': 4, 'min_samples_split': 10, 'n_estimators': 200};0,9998743118571017;0,0001376879230975092;153
51,14990344047546;0,45063184330493505;1,553300380706787;0,1477191397068073;;log2;4;2;200;{'max_depth': None, 'max_features': 'log2', 'min_samples_leaf': 4, 'min_samples_split': 2, 'n_estimators': 200};0,9998743118571017;0,00011242171850334349;153
51,16790199279785;0,29165044502475024;1,601363468170166;0,03918045485215298;;sqrt;4;5;200;{'max_depth': None, 'max_features': 'sqrt', 'min_samples_leaf': 4, 'min_samples_split': 5, 'n_estimators': 200};0,9998743118571017;0,00011242171850334349;153
50,938081455230716;0,19113243938272784;1,6104304313659668;0,037298148169498654;;sqrt;4;2;200;{'max_depth': None, 'max_features': 'sqrt', 'min_samples_leaf': 4, 'min_samples_split': 2, 'n_estimators': 200};0,9998743118571017;0,00011242171850334349;153
128,15379943847657;0,4340636570469205;3,1116188526153565;0,08725992468537846;;sqrt;4;2;500;{'max_depth': None, 'max_features': 'sqrt', 'min_samples_leaf': 4, 'min_samples_split': 2, 'n_estimators': 500};0,9998743118571017;0,00011242171850334349;153
128,4997440814972;0,9478543581984986;3,0360321044921874;0,16555461562073195;20;sqrt;4;2;500;{'max_depth': 20, 'max_features': 'sqrt', 'min_samples_leaf': 4, 'min_samples_split': 2, 'n_estimators': 500};0,9998743118571017;0,00011242171850334349;153
51,354094409942626;0,24946277527901362;1,5277109622955323;0,11130350378667321;20;sqrt;4;5;200;{'max_depth': 20, 'max_features': 'sqrt', 'min_samples_leaf': 4, 'min_samples_split': 5, 'n_estimators': 200};0,9998743118571017;0,00011242171850334349;153
127,90713806152344;1,5900626130710733;3,199786901473999;0,05312704636488236;20;sqrt;4;5;500;{'max_depth': 20, 'max_features': 'sqrt', 'min_samples_leaf': 4, 'min_samples_split': 5, 'n_estimators': 500};0,9998743118571017;0,00011242171850334349;153
51,17352609634399;0,5978004463142569;1,4814538955688477;0,1305650449611393;20;log2;4;5;200;{'max_depth': 20, 'max_features': 'log2', 'min_samples_leaf': 4, 'min_samples_split': 5, 'n_estimators': 200};0,9998743118571017;0,00011242171850334349;153
50,80057663917542;0,6107934433972045;1,6168129920959473;0,053988843396153494;20;log2;4;10;200;{'max_depth': 20, 'max_features': 'log2', 'min_samples_leaf': 4, 'min_samples_split': 10, 'n_estimators': 200};0,9998743118571017;0,0001376879230975092;153
128,57300701141358;0,8638742631742561;2,9681375503540037;0,25531196387854466;20;log2;4;2;500;{'max_depth': 20, 'max_features': 'log2', 'min_samples_leaf': 4, 'min_samples_split': 2, 'n_estimators': 500};0,9998743118571017;0,00011242171850334349;153
50,86092391014099;0,3888875114977657;1,626596164703369;0,09508927092313185;20;sqrt;4;10;200;{'max_depth': 20, 'max_features': 'sqrt', 'min_samples_leaf': 4, 'min_samples_split': 10, 'n_estimators': 200};0,9998743118571017;0,0001376879230975092;153
128,18670210838317;0,6392269056342772;3,056341457366943;0,20572712874470972;20;log2;4;5;500;{'max_depth': 20, 'max_features': 'log2', 'min_samples_leaf': 4, 'min_samples_split': 5, 'n_estimators': 500};0,9998743118571017;0,00011242171850334349;153
51,14777979850769;0,8011496364052665;1,4138511180877686;0,145717844157111;20;log2;4;2;200;{'max_depth': 20, 'max_features': 'log2', 'min_samples_leaf': 4, 'min_samples_split': 2, 'n_estimators': 200};0,9998743118571017;0,00011242171850334349;153
26,11351490020752;0,18089988833263007;1,0742713928222656;0,07315316960619758;15;log2;4;10;100;{'max_depth': 15, 'max_features': 'log2', 'min_samples_leaf': 4, 'min_samples_split': 10, 'n_estimators': 100};0,999849176755933;9,406044683806136e-05;175
26,231852293014526;0,5936723126183606;1,0239603519439697;0,11629283635552647;15;sqrt;4;10;100;{'max_depth': 15, 'max_features': 'sqrt', 'min_samples_leaf': 4, 'min_samples_split': 10, 'n_estimators': 100};0,999849176755933;9,406044683806136e-05;175
76,91873450279236;0,9108505749545698;1,9271908283233643;0,09475962462388268;20;log2;4;5;300;{'max_depth': 20, 'max_features': 'log2', 'min_samples_leaf': 4, 'min_samples_split': 5, 'n_estimators': 300};0,9998491735966694;0,0001465805292457101;177
76,53008966445923;0,11057133085387044;2,078910303115845;0,09046495495832475;20;log2;4;2;300;{'max_depth': 20, 'max_features': 'log2', 'min_samples_leaf': 4, 'min_samples_split': 2, 'n_estimators': 300};0,9998491735966694;0,0001465805292457101;177
76,2401798248291;0,5834289301996164;2,162006711959839;0,05705781187649223;;log2;4;2;300;{'max_depth': None, 'max_features': 'log2', 'min_samples_leaf': 4, 'min_samples_split': 2, 'n_estimators': 300};0,9998491735966694;0,0001465805292457101;177
26,492974948883056;0,27123678918019134;1,0601597785949708;0,05199212947311693;;log2;4;5;100;{'max_depth': None, 'max_features': 'log2', 'min_samples_leaf': 4, 'min_samples_split': 5, 'n_estimators': 100};0,9998491735966694;0,0001465805292457101;177
26,15777039527893;0,23234147351344345;1,129964017868042;0,05683255390516932;20;sqrt;4;10;100;{'max_depth': 20, 'max_features': 'sqrt', 'min_samples_leaf': 4, 'min_samples_split': 10, 'n_estimators': 100};0,9998491735966694;0,00018472816327044908;177
76,64894132614135;0,4314245163025866;2,061330795288086;0,133830506440577;;log2;4;5;300;{'max_depth': None, 'max_features': 'log2', 'min_samples_leaf': 4, 'min_samples_split': 5, 'n_estimators': 300};0,9998491735966694;0,0001465805292457101;177
76,5785665512085;0,35141971839670944;2,0735193729400634;0,1509162802224387;20;sqrt;4;5;300;{'max_depth': 20, 'max_features': 'sqrt', 'min_samples_leaf': 4, 'min_samples_split': 5, 'n_estimators': 300};0,9998491735966694;0,0001465805292457101;177
26,384513473510744;0,442580854493552;1,0342854499816894;0,07919985968943032;;log2;4;2;100;{'max_depth': None, 'max_features': 'log2', 'min_samples_leaf': 4, 'min_samples_split': 2, 'n_estimators': 100};0,9998491735966694;0,0001465805292457101;177
50,72864966392517;0,5357050961832259;1,5451888561248779;0,11675811255405551;15;log2;4;10;200;{'max_depth': 15, 'max_features': 'log2', 'min_samples_leaf': 4, 'min_samples_split': 10, 'n_estimators': 200};0,9998491735966694;9,405960239460539e-05;177
76,44474511146545;0,7871523663437461;2,006520938873291;0,15589156658006018;;sqrt;4;5;300;{'max_depth': None, 'max_features': 'sqrt', 'min_samples_leaf': 4, 'min_samples_split': 5, 'n_estimators': 300};0,9998491735966694;0,0001465805292457101;177
128,71610994338988;2,19328226615741;2,9898135662078857;0,1451808063923701;15;log2;4;2;500;{'max_depth': 15, 'max_features': 'log2', 'min_samples_leaf': 4, 'min_samples_split': 2, 'n_estimators': 500};0,9998491735966694;0,0001465805292457101;177
76,94145131111145;0,7746214462235544;2,1330333709716798;0,0740247704309938;;sqrt;4;2;300;{'max_depth': None, 'max_features': 'sqrt', 'min_samples_leaf': 4, 'min_samples_split': 2, 'n_estimators': 300};0,9998491735966694;0,0001465805292457101;177
76,40405292510987;0,284627431955386;2,013891363143921;0,12225884677175615;20;sqrt;4;2;300;{'max_depth': 20, 'max_features': 'sqrt', 'min_samples_leaf': 4, 'min_samples_split': 2, 'n_estimators': 300};0,9998491735966694;0,0001465805292457101;177
26,511029958724976;0,2637351155827697;1,1017885684967041;0,08684856323269338;15;sqrt;4;2;100;{'max_depth': 15, 'max_features': 'sqrt', 'min_samples_leaf': 4, 'min_samples_split': 2, 'n_estimators': 100};0,9998491735966694;0,0001465805292457101;177
26,542204284667967;0,36090287971278145;0,8269547462463379;0,12488209956678568;15;log2;4;5;100;{'max_depth': 15, 'max_features': 'log2', 'min_samples_leaf': 4, 'min_samples_split': 5, 'n_estimators': 100};0,9998491735966694;0,0001465805292457101;177
76,59183378219605;0,3858598157291654;2,046146535873413;0,18275458411515688;15;sqrt;4;2;300;{'max_depth': 15, 'max_features': 'sqrt', 'min_samples_leaf': 4, 'min_samples_split': 2, 'n_estimators': 300};0,9998491735966694;0,0001465805292457101;177
128,32854614257812;0,776513045198489;3,151274061203003;0,13618472343337282;15;sqrt;4;2;500;{'max_depth': 15, 'max_features': 'sqrt', 'min_samples_leaf': 4, 'min_samples_split': 2, 'n_estimators': 500};0,9998491735966694;0,0001465805292457101;177
26,374968147277833;0,4375759865447662;1,1572736740112304;0,07736990715298145;15;sqrt;4;5;100;{'max_depth': 15, 'max_features': 'sqrt', 'min_samples_leaf': 4, 'min_samples_split': 5, 'n_estimators': 100};0,9998491735966694;0,0001465805292457101;177
26,15353469848633;0,41396780667683336;1,1675936698913574;0,03771148170833179;;sqrt;4;5;100;{'max_depth': None, 'max_features': 'sqrt', 'min_samples_leaf': 4, 'min_samples_split': 5, 'n_estimators': 100};0,9998491735966694;0,0001465805292457101;177
26,217288208007812;0,5100920183655199;1,0395574569702148;0,09110911424549842;15;log2;4;2;100;{'max_depth': 15, 'max_features': 'log2', 'min_samples_leaf': 4, 'min_samples_split': 2, 'n_estimators': 100};0,9998491735966694;0,0001465805292457101;177
128,46312217712403;0,9476284360312983;2,950529432296753;0,06376698539968617;15;sqrt;4;5;500;{'max_depth': 15, 'max_features': 'sqrt', 'min_samples_leaf': 4, 'min_samples_split': 5, 'n_estimators': 500};0,9998491735966694;0,0001465805292457101;177
51,29370408058166;0,5896473115150246;1,5184789657592774;0,09780251956509603;15;sqrt;4;10;200;{'max_depth': 15, 'max_features': 'sqrt', 'min_samples_leaf': 4, 'min_samples_split': 10, 'n_estimators': 200};0,9998491735966694;9,405960239460539e-05;177
76,11675667762756;0,600291294112396;2,0619944095611573;0,0816243145734169;15;log2;4;2;300;{'max_depth': 15, 'max_features': 'log2', 'min_samples_leaf': 4, 'min_samples_split': 2, 'n_estimators': 300};0,9998491735966694;0,0001465805292457101;177
26,071128702163698;0,5128918098125992;1,2053258895874024;0,07499153127366764;;sqrt;4;2;100;{'max_depth': None, 'max_features': 'sqrt', 'min_samples_leaf': 4, 'min_samples_split': 2, 'n_estimators': 100};0,9998491735966694;0,0001465805292457101;177
26,252820873260497;0,4753962168177552;1,1387790203094483;0,07874989133529049;20;log2;4;10;100;{'max_depth': 20, 'max_features': 'log2', 'min_samples_leaf': 4, 'min_samples_split': 10, 'n_estimators': 100};0,9998491735966694;0,00018472816327044908;177
76,19198813438416;0,5279640340534105;1,9999701499938964;0,1306700116543744;15;log2;4;5;300;{'max_depth': 15, 'max_features': 'log2', 'min_samples_leaf': 4, 'min_samples_split': 5, 'n_estimators': 300};0,9998491735966694;0,0001465805292457101;177
128,10821142196656;1,2625246583669392;3,0212892055511475;0,20404275856685083;15;log2;4;5;500;{'max_depth': 15, 'max_features': 'log2', 'min_samples_leaf': 4, 'min_samples_split': 5, 'n_estimators': 500};0,9998491735966694;0,0001465805292457101;177
76,64580869674683;0,4811178335203717;2,0353250980377195;0,15157852437675923;15;sqrt;4;5;300;{'max_depth': 15, 'max_features': 'sqrt', 'min_samples_leaf': 4, 'min_samples_split': 5, 'n_estimators': 300};0,9998491735966694;0,0001465805292457101;177
127,95769481658935;0,944288984876281;3,145669174194336;0,0916776399974938;15;log2;4;10;500;{'max_depth': 15, 'max_features': 'log2', 'min_samples_leaf': 4, 'min_samples_split': 10, 'n_estimators': 500};0,9998240384955006;0,00010054830351656739;205
127,98199815750122;0,8529254341522989;2,9568299293518066;0,19343629750750121;15;sqrt;4;10;500;{'max_depth': 15, 'max_features': 'sqrt', 'min_samples_leaf': 4, 'min_samples_split': 10, 'n_estimators': 500};0,9998240384955006;0,00010054830351656739;205
26,659202003479002;0,35440784459015157;0,8893777370452881;0,09880453802730282;20;log2;4;2;100;{'max_depth': 20, 'max_features': 'log2', 'min_samples_leaf': 4, 'min_samples_split': 2, 'n_estimators': 100};0,999824035336237;0,00017049690918467648;207
50,79039011001587;0,13652412488486165;1,5621896266937256;0,08658002341520574;15;sqrt;4;5;200;{'max_depth': 15, 'max_features': 'sqrt', 'min_samples_leaf': 4, 'min_samples_split': 5, 'n_estimators': 200};0,999824035336237;0,00017049690918467648;207
51,069754695892335;0,3023924148022936;1,5944149494171143;0,14791129293033306;15;sqrt;4;2;200;{'max_depth': 15, 'max_features': 'sqrt', 'min_samples_leaf': 4, 'min_samples_split': 2, 'n_estimators': 200};0,999824035336237;0,00017049690918467648;207
51,163832902908325;0,693733674907082;1,4129072189331056;0,14615459816387238;15;log2;4;5;200;{'max_depth': 15, 'max_features': 'log2', 'min_samples_leaf': 4, 'min_samples_split': 5, 'n_estimators': 200};0,999824035336237;0,00017049690918467648;207
26,282636833190917;0,3053644619997269;1,0930309772491456;0,06663447666298582;20;sqrt;4;2;100;{'max_depth': 20, 'max_features': 'sqrt', 'min_samples_leaf': 4, 'min_samples_split': 2, 'n_estimators': 100};0,999824035336237;0,00017049690918467648;207
26,26942629814148;0,49422891235384336;1,0547082901000977;0,10009033649773458;20;sqrt;4;5;100;{'max_depth': 20, 'max_features': 'sqrt', 'min_samples_leaf': 4, 'min_samples_split': 5, 'n_estimators': 100};0,999824035336237;0,00017049690918467648;207
51,28644943237305;0,17665913975987804;1,5553715229034424;0,09738040188763805;15;log2;4;2;200;{'max_depth': 15, 'max_features': 'log2', 'min_samples_leaf': 4, 'min_samples_split': 2, 'n_estimators': 200};0,999824035336237;0,00017049690918467648;207
26,634531450271606;0,2855539598178858;0,9798215389251709;0,09591329986361384;20;log2;4;5;100;{'max_depth': 20, 'max_features': 'log2', 'min_samples_leaf': 4, 'min_samples_split': 5, 'n_estimators': 100};0,999824035336237;0,00017049690918467648;207
76,50407133102416;0,6666354767072833;2,0824735164642334;0,15098756955536063;15;sqrt;4;10;300;{'max_depth': 15, 'max_features': 'sqrt', 'min_samples_leaf': 4, 'min_samples_split': 10, 'n_estimators': 300};0,9997989002350682;0,00012817800275119161;215
76,16867203712464;0,7775241817611405;2,0545589923858643;0,1258047823796365;15;log2;4;10;300;{'max_depth': 15, 'max_features': 'log2', 'min_samples_leaf': 4, 'min_samples_split': 10, 'n_estimators': 300};0,9997989002350682;0,00012817800275119161;215
121,08322758674622;0,7430601579126302;2,932521629333496;0,24455360030803952;10;log2;1;2;500;{'max_depth': 10, 'max_features': 'log2', 'min_samples_leaf': 1, 'min_samples_split': 2, 'n_estimators': 500};0,9966316468615591;0,0006902483084584714;217
120,06152729988098;0,530893332816806;2,947785520553589;0,249054782257747;10;sqrt;1;2;500;{'max_depth': 10, 'max_features': 'sqrt', 'min_samples_leaf': 1, 'min_samples_split': 2, 'n_estimators': 500};0,9966316468615591;0,0006902483084584714;217
24,69761242866516;0,5272096471274695;0,9876835346221924;0,07629202890418119;10;log2;1;2;100;{'max_depth': 10, 'max_features': 'log2', 'min_samples_leaf': 1, 'min_samples_split': 2, 'n_estimators': 100};0,9966065149196538;0,0004496109794833056;219
24,838026332855225;0,5647574156389679;1,049109983444214;0,14576783551925848;10;sqrt;1;2;100;{'max_depth': 10, 'max_features': 'sqrt', 'min_samples_leaf': 1, 'min_samples_split': 2, 'n_estimators': 100};0,9966065149196538;0,0004496109794833056;219
120,06467790603638;0,4906988004485031;3,0436594009399416;0,1171118292341908;10;sqrt;2;2;500;{'max_depth': 10, 'max_features': 'sqrt', 'min_samples_leaf': 2, 'min_samples_split': 2, 'n_estimators': 500};0,99655624787658;0,0003606302560042398;221
120,23568811416627;0,8009139681493621;2,951948308944702;0,14224245329147348;10;log2;2;2;500;{'max_depth': 10, 'max_features': 'log2', 'min_samples_leaf': 2, 'min_samples_split': 2, 'n_estimators': 500};0,99655624787658;0,0003606302560042398;221
24,56970567703247;0,3767970366599275;1,0997507095336914;0,09958856747320412;10;log2;2;2;100;{'max_depth': 10, 'max_features': 'log2', 'min_samples_leaf': 2, 'min_samples_split': 2, 'n_estimators': 100};0,9965311032976203;0,0002820592556461078;223
24,55100350379944;0,3744955207169292;1,077034091949463;0,13298803888456026;10;sqrt;2;2;100;{'max_depth': 10, 'max_features': 'sqrt', 'min_samples_leaf': 2, 'min_samples_split': 2, 'n_estimators': 100};0,9965311032976203;0,0002820592556461078;223
24,83490843772888;0,18224227584053643;0,8869817733764649;0,09865113102731173;10;log2;1;5;100;{'max_depth': 10, 'max_features': 'log2', 'min_samples_leaf': 1, 'min_samples_split': 5, 'n_estimators': 100};0,996531074864248;0,0004101276562241187;225
24,671952533721925;0,3290119727075012;1,0847614288330079;0,12169316196674514;10;sqrt;1;5;100;{'max_depth': 10, 'max_features': 'sqrt', 'min_samples_leaf': 1, 'min_samples_split': 5, 'n_estimators': 100};0,996531074864248;0,0004101276562241187;225
71,786297416687;0,5914359968816649;1,9186860561370849;0,12785819678953805;10;log2;1;2;300;{'max_depth': 10, 'max_features': 'log2', 'min_samples_leaf': 1, 'min_samples_split': 2, 'n_estimators': 300};0,9964808204582283;0,0004496851595322004;227
71,57629685401916;0,5953822830461336;1,9721861362457276;0,17280407697790795;10;sqrt;1;2;300;{'max_depth': 10, 'max_features': 'sqrt', 'min_samples_leaf': 1, 'min_samples_split': 2, 'n_estimators': 300};0,9964808204582283;0,0004496851595322004;227
24,53812003135681;0,5402827649972264;1,1424237728118896;0,07618307978054804;10;sqrt;2;5;100;{'max_depth': 10, 'max_features': 'sqrt', 'min_samples_leaf': 2, 'min_samples_split': 5, 'n_estimators': 100};0,9964054056769314;0,00015091815159927973;229
24,725712060928345;0,6135031899071017;1,0664680480957032;0,12138724236155535;10;log2;2;5;100;{'max_depth': 10, 'max_features': 'log2', 'min_samples_leaf': 2, 'min_samples_split': 5, 'n_estimators': 100};0,9964054056769314;0,00015091815159927973;229
120,63581247329712;0,4795578979139254;2,9107460498809816;0,23543513666723542;10;log2;2;5;500;{'max_depth': 10, 'max_features': 'log2', 'min_samples_leaf': 2, 'min_samples_split': 5, 'n_estimators': 500};0,996405393039877;0,0003039209074151362;231
119,9483250617981;0,6339974156837817;2,9675042629241943;0,18254412153892416;10;sqrt;2;5;500;{'max_depth': 10, 'max_features': 'sqrt', 'min_samples_leaf': 2, 'min_samples_split': 5, 'n_estimators': 500};0,996405393039877;0,0003039209074151362;231
48,325896453857425;0,2532289576615271;1,3994956016540527;0,061798774661606784;10;log2;1;2;200;{'max_depth': 10, 'max_features': 'log2', 'min_samples_leaf': 1, 'min_samples_split': 2, 'n_estimators': 200};0,9963802800535533;0,000535568585746497;233
47,73223271369934;0,42613047089679373;1,5635169982910155;0,061471983593807705;10;sqrt;1;2;200;{'max_depth': 10, 'max_features': 'sqrt', 'min_samples_leaf': 1, 'min_samples_split': 2, 'n_estimators': 200};0,9963802800535533;0,000535568585746497;233
24,663256406784058;0,4412368786226663;1,0354124546051025;0,0909213706066772;10;sqrt;2;10;100;{'max_depth': 10, 'max_features': 'sqrt', 'min_samples_leaf': 2, 'min_samples_split': 10, 'n_estimators': 100};0,9963551196782758;0,0007583950946182126;235
24,759044885635376;0,28002395447457845;0,9999535083770752;0,11335821460700503;10;log2;2;10;100;{'max_depth': 10, 'max_features': 'log2', 'min_samples_leaf': 2, 'min_samples_split': 10, 'n_estimators': 100};0,9963551196782758;0,0007583950946182126;235
71,6962119102478;0,5870645728851465;2,0414166927337645;0,11076407848759269;10;sqrt;1;5;300;{'max_depth': 10, 'max_features': 'sqrt', 'min_samples_leaf': 1, 'min_samples_split': 5, 'n_estimators': 300};0,9963299972141613;0,0003409682740684146;237
71,87267122268676;0,31265942316481565;2,018637466430664;0,1740320291579278;10;log2;1;5;300;{'max_depth': 10, 'max_features': 'log2', 'min_samples_leaf': 1, 'min_samples_split': 5, 'n_estimators': 300};0,9963299972141613;0,0003409682740684146;237
120,42294001579285;1,3367212139026319;3,0198935508728026;0,05061707180913634;10;sqrt;2;10;500;{'max_depth': 10, 'max_features': 'sqrt', 'min_samples_leaf': 2, 'min_samples_split': 10, 'n_estimators': 500};0,9963299940548979;0,0003845780586143709;239
120,58307580947876;0,9988806361948456;3,020195484161377;0,13403408159722888;10;log2;2;10;500;{'max_depth': 10, 'max_features': 'log2', 'min_samples_leaf': 2, 'min_samples_split': 10, 'n_estimators': 500};0,9963299940548979;0,0003845780586143709;239
47,93526678085327;0,4276219735704699;1,5246211051940919;0,15348149305043624;10;log2;2;2;200;{'max_depth': 10, 'max_features': 'log2', 'min_samples_leaf': 2, 'min_samples_split': 2, 'n_estimators': 200};0,9963048652722563;0,00029310859031647283;241
47,49216079711914;0,4615238140861103;1,529089593887329;0,11167073731520341;10;sqrt;2;2;200;{'max_depth': 10, 'max_features': 'sqrt', 'min_samples_leaf': 2, 'min_samples_split': 2, 'n_estimators': 200};0,9963048652722563;0,00029310859031647283;241
47,79544162750244;0,3136934680710772;1,4487168788909912;0,2442782330534864;10;log2;1;5;200;{'max_depth': 10, 'max_features': 'log2', 'min_samples_leaf': 1, 'min_samples_split': 5, 'n_estimators': 200};0,9963048621129925;0,0005248339490598471;243
47,50343246459961;0,5920926611832488;1,5232223510742187;0,06093894763031654;10;sqrt;1;5;200;{'max_depth': 10, 'max_features': 'sqrt', 'min_samples_leaf': 1, 'min_samples_split': 5, 'n_estimators': 200};0,9963048621129925;0,0005248339490598471;243
47,370201873779294;0,3156543575288205;1,5957329750061036;0,08418075878071096;10;sqrt;2;5;200;{'max_depth': 10, 'max_features': 'sqrt', 'min_samples_leaf': 2, 'min_samples_split': 5, 'n_estimators': 200};0,9963048526352019;0,00028227541024721675;245
47,6660936832428;0,21150200751018752;1,51706223487854;0,09739793289148511;10;log2;2;5;200;{'max_depth': 10, 'max_features': 'log2', 'min_samples_leaf': 2, 'min_samples_split': 5, 'n_estimators': 200};0,9963048526352019;0,00028227541024721675;245
120,55463953018189;1,018901556084773;2,954298734664917;0,1880514887679629;10;sqrt;1;10;500;{'max_depth': 10, 'max_features': 'sqrt', 'min_samples_leaf': 1, 'min_samples_split': 10, 'n_estimators': 500};0,9963048526352019;0,00043255967289665924;245
120,20399198532104;0,9064006510561159;3,0384018421173096;0,05618250237714763;10;log2;1;10;500;{'max_depth': 10, 'max_features': 'log2', 'min_samples_leaf': 1, 'min_samples_split': 10, 'n_estimators': 500};0,9963048526352019;0,00043255967289665924;245
24,661927270889283;0,4663904737225449;1,0325243473052979;0,09387045757554509;10;log2;1;10;100;{'max_depth': 10, 'max_features': 'log2', 'min_samples_leaf': 1, 'min_samples_split': 10, 'n_estimators': 100};0,9963048463166746;0,000512820778489846;249
24,629934644699098;0,5227103357085614;1,0833431243896485;0,06709590574758557;10;sqrt;1;10;100;{'max_depth': 10, 'max_features': 'sqrt', 'min_samples_leaf': 1, 'min_samples_split': 10, 'n_estimators': 100};0,9963048463166746;0,000512820778489846;249
71,64761881828308;0,39096668618508057;2,034607744216919;0,11043611132721758;10;sqrt;1;10;300;{'max_depth': 10, 'max_features': 'sqrt', 'min_samples_leaf': 1, 'min_samples_split': 10, 'n_estimators': 300};0,9962797143747693;0,0004676595246699257;251
71,81762537956237;0,7500408764004459;2,024328327178955;0,16114354982147283;10;log2;1;10;300;{'max_depth': 10, 'max_features': 'log2', 'min_samples_leaf': 1, 'min_samples_split': 10, 'n_estimators': 300};0,9962797143747693;0,0004676595246699257;251
71,6212661743164;0,7021282185912903;2,0162375926971436;0,13342901159489584;10;log2;2;10;300;{'max_depth': 10, 'max_features': 'log2', 'min_samples_leaf': 2, 'min_samples_split': 10, 'n_estimators': 300};0,9962545855921278;0,00031197449375370304;253
71,63802127838134;0,5719951066988981;1,9956896305084229;0,15767187930765775;10;sqrt;2;10;300;{'max_depth': 10, 'max_features': 'sqrt', 'min_samples_leaf': 2, 'min_samples_split': 10, 'n_estimators': 300};0,9962545855921278;0,00031197449375370304;253
24,719286680221558;0,4832981877908558;1,0983098030090332;0,0645182266743489;10;log2;4;5;100;{'max_depth': 10, 'max_features': 'log2', 'min_samples_leaf': 4, 'min_samples_split': 5, 'n_estimators': 100};0,9962545761143371;0,00041620658105516554;255
24,57301082611084;0,27318519408557174;1,0719871044158935;0,0879579553895655;10;sqrt;4;5;100;{'max_depth': 10, 'max_features': 'sqrt', 'min_samples_leaf': 4, 'min_samples_split': 5, 'n_estimators': 100};0,9962545761143371;0,00041620658105516554;255
24,774664878845215;0,48047261351798326;1,1128616809844971;0,07701483807384783;10;log2;4;2;100;{'max_depth': 10, 'max_features': 'log2', 'min_samples_leaf': 4, 'min_samples_split': 2, 'n_estimators': 100};0,9962545761143371;0,00041620658105516554;255
24,66484375;0,34150328264087476;1,0194560050964356;0,09798779680457195;10;sqrt;4;2;100;{'max_depth': 10, 'max_features': 'sqrt', 'min_samples_leaf': 4, 'min_samples_split': 2, 'n_estimators': 100};0,9962545761143371;0,00041620658105516554;255
71,58493080139161;0,6183798908591047;2,0180593967437743;0,2184265416645354;10;log2;2;5;300;{'max_depth': 10, 'max_features': 'log2', 'min_samples_leaf': 2, 'min_samples_split': 5, 'n_estimators': 300};0,9962545697958098;0,0003679043377062167;259
71,61129488945008;0,26521575557067106;2,083258771896362;0,15629990609828626;10;sqrt;2;5;300;{'max_depth': 10, 'max_features': 'sqrt', 'min_samples_leaf': 2, 'min_samples_split': 5, 'n_estimators': 300};0,9962545697958098;0,0003679043377062167;259
119,81598091125488;0,7795473444917302;2,969678592681885;0,13761978480758597;10;sqrt;4;10;500;{'max_depth': 10, 'max_features': 'sqrt', 'min_samples_leaf': 4, 'min_samples_split': 10, 'n_estimators': 500};0,9962545666365463;0,0006478745921067752;261
119,7307273387909;1,6037905721707661;3,0758712768554686;0,0920484161640143;10;log2;4;10;500;{'max_depth': 10, 'max_features': 'log2', 'min_samples_leaf': 4, 'min_samples_split': 10, 'n_estimators': 500};0,9962545666365463;0,0006478745921067752;261
71,93232622146607;0,39686115166130165;2,049123430252075;0,1293859879484992;10;log2;2;2;300;{'max_depth': 10, 'max_features': 'log2', 'min_samples_leaf': 2, 'min_samples_split': 2, 'n_estimators': 300};0,9962294536502228;0,000177676296603284;263
71,88552341461181;0,43473822564099;1,9757471561431885;0,1826726258077823;10;sqrt;2;2;300;{'max_depth': 10, 'max_features': 'sqrt', 'min_samples_leaf': 2, 'min_samples_split': 2, 'n_estimators': 300};0,9962294536502228;0,000177676296603284;263
47,87527503967285;0,4034386134631967;1,5257671356201172;0,18184722099644315;10;sqrt;1;10;200;{'max_depth': 10, 'max_features': 'sqrt', 'min_samples_leaf': 1, 'min_samples_split': 10, 'n_estimators': 200};0,9962042995934723;0,0004926921318850146;265
47,942521047592166;0,3007033126266103;1,567432737350464;0,12014644052348575;10;log2;1;10;200;{'max_depth': 10, 'max_features': 'log2', 'min_samples_leaf': 1, 'min_samples_split': 10, 'n_estimators': 200};0,9962042995934723;0,0004926921318850146;265
24,472959518432617;0,5733338290427349;1,0861371040344239;0,050129912210801014;10;log2;4;10;100;{'max_depth': 10, 'max_features': 'log2', 'min_samples_leaf': 4, 'min_samples_split': 10, 'n_estimators': 100};0,9961791644923036;0,0004252272957331598;267
119,93255829811096;0,9603362389263136;3,006703233718872;0,15944374987275137;10;sqrt;1;5;500;{'max_depth': 10, 'max_features': 'sqrt', 'min_samples_leaf': 1, 'min_samples_split': 5, 'n_estimators': 500};0,9961791644923036;0,0003779990285257723;267
120,5269919872284;1,3380777476162555;3,01879825592041;0,11243382654366478;10;log2;1;5;500;{'max_depth': 10, 'max_features': 'log2', 'min_samples_leaf': 1, 'min_samples_split': 5, 'n_estimators': 500};0,9961791644923036;0,0003779990285257723;267
24,554341268539428;0,4444328202308801;1,0604284286499024;0,0866929555683697;10;sqrt;4;10;100;{'max_depth': 10, 'max_features': 'sqrt', 'min_samples_leaf': 4, 'min_samples_split': 10, 'n_estimators': 100};0,9961791644923036;0,0004252272957331598;267
120,1481035709381;0,8922394078849685;2,97396502494812;0,15158013186665903;10;sqrt;4;2;500;{'max_depth': 10, 'max_features': 'sqrt', 'min_samples_leaf': 4, 'min_samples_split': 2, 'n_estimators': 500};0,996154042028189;0,0003607746971833919;271
119,82517495155335;0,9506424239379075;3,0525896072387697;0,18640293991587267;10;sqrt;4;5;500;{'max_depth': 10, 'max_features': 'sqrt', 'min_samples_leaf': 4, 'min_samples_split': 5, 'n_estimators': 500};0,996154042028189;0,0003607746971833919;271
120,11721572875976;0,8034088156883655;3,069351387023926;0,10265095714378651;10;log2;4;5;500;{'max_depth': 10, 'max_features': 'log2', 'min_samples_leaf': 4, 'min_samples_split': 5, 'n_estimators': 500};0,996154042028189;0,0003607746971833919;271
120,23966860771179;1,062002381714005;3,0535966873168947;0,09481410829645538;10;log2;4;2;500;{'max_depth': 10, 'max_features': 'log2', 'min_samples_leaf': 4, 'min_samples_split': 2, 'n_estimators': 500};0,996154042028189;0,0003607746971833919;271
47,6966655254364;0,46559673080395647;1,4584142684936523;0,1643204604830193;10;log2;2;10;200;{'max_depth': 10, 'max_features': 'log2', 'min_samples_leaf': 2, 'min_samples_split': 10, 'n_estimators': 200};0,996154035709662;0,0003037912907483012;275
47,456158590316775;0,5291985537637381;1,5303896903991698;0,1387873527346637;10;sqrt;2;10;200;{'max_depth': 10, 'max_features': 'sqrt', 'min_samples_leaf': 2, 'min_samples_split': 10, 'n_estimators': 200};0,996154035709662;0,0003037912907483012;275
47,549234819412234;0,13409764956693138;1,523997926712036;0,08416650323401194;10;sqrt;4;10;200;{'max_depth': 10, 'max_features': 'sqrt', 'min_samples_leaf': 4, 'min_samples_split': 10, 'n_estimators': 200};0,9960283444075;0,00043981948180553317;277
47,7189525604248;0,22759089601642318;1,4295117855072021;0,14611003743449125;10;log2;4;10;200;{'max_depth': 10, 'max_features': 'log2', 'min_samples_leaf': 4, 'min_samples_split': 10, 'n_estimators': 200};0,9960283444075;0,00043981948180553317;277
71,20899610519409;0,7522660265392228;2,007067394256592;0,13378639085686367;10;sqrt;4;10;300;{'max_depth': 10, 'max_features': 'sqrt', 'min_samples_leaf': 4, 'min_samples_split': 10, 'n_estimators': 300};0,9960283317704457;0,0006290813297746472;279
71,58981823921204;0,5044830744392025;1,9820064544677733;0,1424103852682836;10;log2;4;10;300;{'max_depth': 10, 'max_features': 'log2', 'min_samples_leaf': 4, 'min_samples_split': 10, 'n_estimators': 300};0,9960283317704457;0,0006290813297746472;279
47,53294672966003;0,4243843613365651;1,5428681373596191;0,027051979462162548;10;sqrt;4;2;200;{'max_depth': 10, 'max_features': 'sqrt', 'min_samples_leaf': 4, 'min_samples_split': 2, 'n_estimators': 200};0,9958775306412238;0,00041611900804762534;281
47,610970163345335;0,4350670662642606;1,4838990688323974;0,10387043531779193;10;log2;4;5;200;{'max_depth': 10, 'max_features': 'log2', 'min_samples_leaf': 4, 'min_samples_split': 5, 'n_estimators': 200};0,9958775306412238;0,00041611900804762534;281
47,55060739517212;0,28878038448066257;1,4841866970062256;0,11953984295934965;10;sqrt;4;5;200;{'max_depth': 10, 'max_features': 'sqrt', 'min_samples_leaf': 4, 'min_samples_split': 5, 'n_estimators': 200};0,9958775306412238;0,00041611900804762534;281
47,561870098114014;0,3069158533512562;1,4882893085479736;0,11015021817310167;10;log2;4;2;200;{'max_depth': 10, 'max_features': 'log2', 'min_samples_leaf': 4, 'min_samples_split': 2, 'n_estimators': 200};0,9958775306412238;0,00041611900804762534;281
71,48574943542481;0,6170887708634533;2,027912712097168;0,13031269312405183;10;log2;4;2;300;{'max_depth': 10, 'max_features': 'log2', 'min_samples_leaf': 4, 'min_samples_split': 2, 'n_estimators': 300};0,9958523955400549;0,0004496586893950157;285
71,91974325180054;0,5318323297099249;1,9064558029174805;0,21640520313326425;10;sqrt;4;5;300;{'max_depth': 10, 'max_features': 'sqrt', 'min_samples_leaf': 4, 'min_samples_split': 5, 'n_estimators': 300};0,9958523955400549;0,0004496586893950157;285
71,81767249107361;0,33246103060186016;1,922438955307007;0,20234347331244773;10;log2;4;5;300;{'max_depth': 10, 'max_features': 'log2', 'min_samples_leaf': 4, 'min_samples_split': 5, 'n_estimators': 300};0,9958523955400549;0,0004496586893950157;285
71,70416283607483;0,6623726912137915;2,0092164039611817;0,16144283012869345;10;sqrt;4;2;300;{'max_depth': 10, 'max_features': 'sqrt', 'min_samples_leaf': 4, 'min_samples_split': 2, 'n_estimators': 300};0,9958523955400549;0,0004496586893950157;285
81,59663071632386;0,7876165000076685;2,9267483234405516;0,04304017902426705;5;sqrt;2;5;500;{'max_depth': 5, 'max_features': 'sqrt', 'min_samples_leaf': 2, 'min_samples_split': 5, 'n_estimators': 500};0,9374089034240288;0,0018498333816974145;289
82,97627639770508;1,2353327428915442;2,948748302459717;0,04889579170578877;5;log2;2;5;500;{'max_depth': 5, 'max_features': 'log2', 'min_samples_leaf': 2, 'min_samples_split': 5, 'n_estimators': 500};0,9374089034240288;0,0018498333816974145;289
84,22246232032776;0,8465070285734921;3,0667412281036377;0,13983341442776084;5;log2;1;5;500;{'max_depth': 5, 'max_features': 'log2', 'min_samples_leaf': 1, 'min_samples_split': 5, 'n_estimators': 500};0,9373334918019953;0,0018695612252487594;291
81,15902700424195;1,1372823005439265;2,9969404220581053;0,06042067907559128;5;sqrt;1;5;500;{'max_depth': 5, 'max_features': 'sqrt', 'min_samples_leaf': 1, 'min_samples_split': 5, 'n_estimators': 500};0,9373334918019953;0,0018695612252487594;291
81,23018307685852;1,159611317546443;2,876471996307373;0,12812351739823466;5;sqrt;2;2;500;{'max_depth': 5, 'max_features': 'sqrt', 'min_samples_leaf': 2, 'min_samples_split': 2, 'n_estimators': 500};0,9373083503822993;0,0017252203571652472;293
83,21146302223205;0,9430709411007084;2,946583795547485;0,09987526373683872;5;log2;2;2;500;{'max_depth': 5, 'max_features': 'log2', 'min_samples_leaf': 2, 'min_samples_split': 2, 'n_estimators': 500};0,9373083503822993;0,0017252203571652472;293
82,88422141075134;0,6599612461612693;2,9461498737335203;0,10010476709156874;5;log2;1;10;500;{'max_depth': 5, 'max_features': 'log2', 'min_samples_leaf': 1, 'min_samples_split': 10, 'n_estimators': 500};0,9372329387602658;0,0019475424735172864;295
81,39146375656128;1,0116173448437256;2,950127935409546;0,1920400969977685;5;sqrt;1;10;500;{'max_depth': 5, 'max_features': 'sqrt', 'min_samples_leaf': 1, 'min_samples_split': 10, 'n_estimators': 500};0,9372329387602658;0,0019475424735172864;295
79,4345781326294;1,156748884122874;2,8803752422332765;0,10035993348727908;5;log2;4;10;500;{'max_depth': 5, 'max_features': 'log2', 'min_samples_leaf': 4, 'min_samples_split': 10, 'n_estimators': 500};0,9372077973405698;0,001916616067368769;297
81,1071940422058;0,8975229622250435;2,9104769229888916;0,12828306573757484;5;log2;1;2;500;{'max_depth': 5, 'max_features': 'log2', 'min_samples_leaf': 1, 'min_samples_split': 2, 'n_estimators': 500};0,9372077973405698;0,0019444400739931159;297
81,34429144859314;0,9463140714273451;3,0279288291931152;0,04143145750315495;5;sqrt;1;2;500;{'max_depth': 5, 'max_features': 'sqrt', 'min_samples_leaf': 1, 'min_samples_split': 2, 'n_estimators': 500};0,9372077973405698;0,0019444400739931159;297
81,1516191482544;0,8064954390103191;2,8883110523223876;0,10716532257363125;5;sqrt;4;10;500;{'max_depth': 5, 'max_features': 'sqrt', 'min_samples_leaf': 4, 'min_samples_split': 10, 'n_estimators': 500};0,9372077973405698;0,001916616067368769;297
80,95221891403199;1,087075599923321;2,939704656600952;0,1230558396177124;5;sqrt;2;10;500;{'max_depth': 5, 'max_features': 'sqrt', 'min_samples_leaf': 2, 'min_samples_split': 10, 'n_estimators': 500};0,937157520819705;0,0017411757643005068;301
79,87177028656006;0,506362536817558;2,8493869304656982;0,15892317773075965;5;log2;2;10;500;{'max_depth': 5, 'max_features': 'log2', 'min_samples_leaf': 2, 'min_samples_split': 10, 'n_estimators': 500};0,937157520819705;0,0017411757643005068;301
81,43335704803467;1,1670916434915757;2,872574806213379;0,14604315728038927;5;sqrt;4;2;500;{'max_depth': 5, 'max_features': 'sqrt', 'min_samples_leaf': 4, 'min_samples_split': 2, 'n_estimators': 500};0,9369564273733004;0,0016335965068799993;303
81,17794470787048;0,940658797636415;2,902298831939697;0,14965669014027178;5;sqrt;4;5;500;{'max_depth': 5, 'max_features': 'sqrt', 'min_samples_leaf': 4, 'min_samples_split': 5, 'n_estimators': 500};0,9369564273733004;0,0016335965068799993;303
79,7073739528656;1,1492832981897583;2,8579246044158935;0,07081451692760644;5;log2;4;5;500;{'max_depth': 5, 'max_features': 'log2', 'min_samples_leaf': 4, 'min_samples_split': 5, 'n_estimators': 500};0,9369564273733004;0,0016335965068799993;303
79,89971504211425;0,9485924947838099;2,8395194530487062;0,13492608679579268;5;log2;4;2;500;{'max_depth': 5, 'max_features': 'log2', 'min_samples_leaf': 4, 'min_samples_split': 2, 'n_estimators': 500};0,9369564273733004;0,0016335965068799993;303
32,15885767936707;0,36185700923567327;1,563156509399414;0,11831729607944992;5;log2;1;2;200;{'max_depth': 5, 'max_features': 'log2', 'min_samples_leaf': 1, 'min_samples_split': 2, 'n_estimators': 200};0,9369313933685668;0,002573396138122523;307
32,1019278049469;0,5219222812537171;1,3877211570739747;0,20217999854485455;5;sqrt;1;2;200;{'max_depth': 5, 'max_features': 'sqrt', 'min_samples_leaf': 1, 'min_samples_split': 2, 'n_estimators': 200};0,9369313933685668;0,002573396138122523;307
32,13759632110596;0,40718553174922745;1,5070452213287353;0,04279929675145467;5;sqrt;1;10;200;{'max_depth': 5, 'max_features': 'sqrt', 'min_samples_leaf': 1, 'min_samples_split': 10, 'n_estimators': 200};0,9369313744129852;0,002311284659170553;309
33,00839123725891;0,150299042442317;1,4811649322509766;0,1019862448399637;5;log2;1;10;200;{'max_depth': 5, 'max_features': 'log2', 'min_samples_leaf': 1, 'min_samples_split': 10, 'n_estimators': 200};0,9369313744129852;0,002311284659170553;309
32,07918276786804;0,513815963945585;1,5138323783874512;0,07297275512169221;5;sqrt;2;10;200;{'max_depth': 5, 'max_features': 'sqrt', 'min_samples_leaf': 2, 'min_samples_split': 10, 'n_estimators': 200};0,9369062361525529;0,002228639379099357;311
32,04524435997009;0,879851542776444;1,492844009399414;0,11928045243593731;5;log2;2;10;200;{'max_depth': 5, 'max_features': 'log2', 'min_samples_leaf': 2, 'min_samples_split': 10, 'n_estimators': 200};0,9369062361525529;0,002228639379099357;311
32,05740466117859;0,4559929890606055;1,4947027206420898;0,18675145122967074;5;sqrt;4;10;200;{'max_depth': 5, 'max_features': 'sqrt', 'min_samples_leaf': 4, 'min_samples_split': 10, 'n_estimators': 200};0,9368559596316881;0,002278624610414103;313
31,737232875823974;0,35499885365926076;1,5011254787445067;0,08554926349253278;5;log2;4;10;200;{'max_depth': 5, 'max_features': 'log2', 'min_samples_leaf': 4, 'min_samples_split': 10, 'n_estimators': 200};0,9368559596316881;0,002278624610414103;313
31,6165518283844;0,42410062415925903;1,4393275737762452;0,08876656673250846;5;log2;4;5;200;{'max_depth': 5, 'max_features': 'log2', 'min_samples_leaf': 4, 'min_samples_split': 5, 'n_estimators': 200};0,9367302967628985;0,0024862182871410567;315
31,762516593933107;0,3240644241450773;1,460676622390747;0,1027508023665392;5;log2;4;2;200;{'max_depth': 5, 'max_features': 'log2', 'min_samples_leaf': 4, 'min_samples_split': 2, 'n_estimators': 200};0,9367302967628985;0,0024862182871410567;315
32,129274940490724;0,3393176698581924;1,5268937587738036;0,11319104747840399;5;sqrt;4;2;200;{'max_depth': 5, 'max_features': 'sqrt', 'min_samples_leaf': 4, 'min_samples_split': 2, 'n_estimators': 200};0,9367302967628985;0,0024862182871410567;315
32,17409210205078;0,3642777960813674;1,4226167678833008;0,1035559552029845;5;sqrt;4;5;200;{'max_depth': 5, 'max_features': 'sqrt', 'min_samples_leaf': 4, 'min_samples_split': 5, 'n_estimators': 200};0,9367302967628985;0,0024862182871410567;315
32,410015964508055;0,22258815983599695;1,381917953491211;0,2099669582044661;5;sqrt;2;5;200;{'max_depth': 5, 'max_features': 'sqrt', 'min_samples_leaf': 2, 'min_samples_split': 5, 'n_estimators': 200};0,9366800076049794;0,0021319837045027114;319
32,885733890533444;0,25130849019098955;1,5599215030670166;0,16235065287690284;5;log2;2;5;200;{'max_depth': 5, 'max_features': 'log2', 'min_samples_leaf': 2, 'min_samples_split': 5, 'n_estimators': 200};0,9366800076049794;0,0021319837045027114;319
32,14153370857239;0,39082925320984624;1,5375479698181151;0,04542285320759347;5;log2;1;5;200;{'max_depth': 5, 'max_features': 'log2', 'min_samples_leaf': 1, 'min_samples_split': 5, 'n_estimators': 200};0,9366548725038106;0,0022099323395376727;321
32,33648157119751;0,2281874981185081;1,53037748336792;0,14316305842022042;5;sqrt;1;5;200;{'max_depth': 5, 'max_features': 'sqrt', 'min_samples_leaf': 1, 'min_samples_split': 5, 'n_estimators': 200};0,9366548725038106;0,0022099323395376727;321
33,01562767028808;0,3352129523903658;1,4694580078125;0,12397036693917861;5;log2;2;2;200;{'max_depth': 5, 'max_features': 'log2', 'min_samples_leaf': 2, 'min_samples_split': 2, 'n_estimators': 200};0,9366046054607367;0,0022347508662759895;323
32,209894466400144;0,2770145320260907;1,4097496509552;0,12099463251298838;5;sqrt;2;2;200;{'max_depth': 5, 'max_features': 'sqrt', 'min_samples_leaf': 2, 'min_samples_split': 2, 'n_estimators': 200};0,9366046054607367;0,0022347508662759895;323
48,208479166030884;0,6631070833412885;2,0045087814331053;0,12615692236319356;5;sqrt;4;10;300;{'max_depth': 5, 'max_features': 'sqrt', 'min_samples_leaf': 4, 'min_samples_split': 10, 'n_estimators': 300};0,9359760952424461;0,0016019064324545482;325
47,31176204681397;0,7045796038913666;1,9521080017089845;0,09172194086203339;5;log2;4;10;300;{'max_depth': 5, 'max_features': 'log2', 'min_samples_leaf': 4, 'min_samples_split': 10, 'n_estimators': 300};0,9359760952424461;0,0016019064324545482;325
48,43717751502991;0,6430423755995522;1,857605791091919;0,16555307535382205;5;sqrt;2;10;300;{'max_depth': 5, 'max_features': 'sqrt', 'min_samples_leaf': 2, 'min_samples_split': 10, 'n_estimators': 300};0,9359509696190681;0,0015935307292186593;327
47,832125425338745;0,5907427361349225;1,9104170322418212;0,12712197320793434;5;log2;2;10;300;{'max_depth': 5, 'max_features': 'log2', 'min_samples_leaf': 2, 'min_samples_split': 10, 'n_estimators': 300};0,9359509696190681;0,0015935307292186593;327
48,238281440734866;0,6964318340386634;1,9829542636871338;0,12272238867890128;5;sqrt;1;10;300;{'max_depth': 5, 'max_features': 'sqrt', 'min_samples_leaf': 1, 'min_samples_split': 10, 'n_estimators': 300};0,9359509601412773;0,0016077363017906546;329
49,452736377716064;0,4086014754261743;1,9100974559783936;0,2042519751633132;5;log2;1;10;300;{'max_depth': 5, 'max_features': 'log2', 'min_samples_leaf': 1, 'min_samples_split': 10, 'n_estimators': 300};0,9359509601412773;0,0016077363017906546;329
48,106972455978394;0,501054043777274;2,0327741622924806;0,10699973581580505;5;sqrt;4;2;300;{'max_depth': 5, 'max_features': 'sqrt', 'min_samples_leaf': 4, 'min_samples_split': 2, 'n_estimators': 300};0,9357750081145687;0,0015603691692288163;331
47,37032709121704;0,5210251841398462;1,9796108245849608;0,17507912195391692;5;log2;4;5;300;{'max_depth': 5, 'max_features': 'log2', 'min_samples_leaf': 4, 'min_samples_split': 5, 'n_estimators': 300};0,9357750081145687;0,0015603691692288163;331
48,309013557434085;0,7847873669154537;1,933849287033081;0,17260890925999298;5;sqrt;4;5;300;{'max_depth': 5, 'max_features': 'sqrt', 'min_samples_leaf': 4, 'min_samples_split': 5, 'n_estimators': 300};0,9357750081145687;0,0015603691692288163;331
47,43088488578796;0,3108310360465053;1,9075547695159911;0,14259963229963776;5;log2;4;2;300;{'max_depth': 5, 'max_features': 'log2', 'min_samples_leaf': 4, 'min_samples_split': 2, 'n_estimators': 300};0,9357750081145687;0,0015603691692288163;331
48,192947196960446;0,6181831126208089;1,97907395362854;0,10865132846303258;5;sqrt;1;2;300;{'max_depth': 5, 'max_features': 'sqrt', 'min_samples_leaf': 1, 'min_samples_split': 2, 'n_estimators': 300};0,9357498603763454;0,0019421801368825573;335
48,382930755615234;0,3767834655941583;1,8736550331115722;0,2038711203901028;5;sqrt;1;5;300;{'max_depth': 5, 'max_features': 'sqrt', 'min_samples_leaf': 1, 'min_samples_split': 5, 'n_estimators': 300};0,9357498603763454;0,0016767584482150974;335
48,37337799072266;0,43171553126667644;1,9113725185394288;0,1991703520868292;5;log2;1;2;300;{'max_depth': 5, 'max_features': 'log2', 'min_samples_leaf': 1, 'min_samples_split': 2, 'n_estimators': 300};0,9357498603763454;0,0019421801368825573;335
48,35437989234924;0,32861967090913674;1,974819040298462;0,1538791944448595;5;log2;1;5;300;{'max_depth': 5, 'max_features': 'log2', 'min_samples_leaf': 1, 'min_samples_split': 5, 'n_estimators': 300};0,9357498603763454;0,0016767584482150974;335
49,333212518692015;0,5860241974807673;2,018851900100708;0,10455952778229961;5;log2;2;5;300;{'max_depth': 5, 'max_features': 'log2', 'min_samples_leaf': 2, 'min_samples_split': 5, 'n_estimators': 300};0,9356493041753524;0,0015932157523875575;339
48,21843504905701;0,537610017007361;1,9612232208251954;0,12202054502654093;5;sqrt;2;5;300;{'max_depth': 5, 'max_features': 'sqrt', 'min_samples_leaf': 2, 'min_samples_split': 5, 'n_estimators': 300};0,9356493041753524;0,0015932157523875575;339
48,600381469726564;0,6416390283151223;1,876463031768799;0,12527107619523206;5;sqrt;2;2;300;{'max_depth': 5, 'max_features': 'sqrt', 'min_samples_leaf': 2, 'min_samples_split': 2, 'n_estimators': 300};0,9355487637706773;0,0016251075848738043;341
49,16661148071289;0,3661633450103509;2,036498260498047;0,10892223773360502;5;log2;2;2;300;{'max_depth': 5, 'max_features': 'log2', 'min_samples_leaf': 2, 'min_samples_split': 2, 'n_estimators': 300};0,9355487637706773;0,0016251075848738043;341
16,854886960983276;0,29005273456062564;1,042878007888794;0,0890031589231895;5;sqrt;1;5;100;{'max_depth': 5, 'max_features': 'sqrt', 'min_samples_leaf': 1, 'min_samples_split': 5, 'n_estimators': 100};0,9330854196004379;0,0023852380392127143;343
16,67973337173462;0,47404596364454177;1,1181568145751952;0,06216421519804954;5;log2;1;5;100;{'max_depth': 5, 'max_features': 'log2', 'min_samples_leaf': 1, 'min_samples_split': 5, 'n_estimators': 100};0,9330854196004379;0,0023852380392127143;343
16,675344610214232;0,4919527546056962;1,0887405395507812;0,06366566290033791;5;sqrt;2;5;100;{'max_depth': 5, 'max_features': 'sqrt', 'min_samples_leaf': 2, 'min_samples_split': 5, 'n_estimators': 100};0,932984869717972;0,0023381980827893102;345
17,097663927078248;0,4222412700417574;1,0561224460601806;0,08525631838414999;5;log2;2;5;100;{'max_depth': 5, 'max_features': 'log2', 'min_samples_leaf': 2, 'min_samples_split': 5, 'n_estimators': 100};0,932984869717972;0,0023381980827893102;345
17,26058554649353;0,6110915819220634;0,9867885112762451;0,05622782585215151;5;log2;2;2;100;{'max_depth': 5, 'max_features': 'log2', 'min_samples_leaf': 2, 'min_samples_split': 2, 'n_estimators': 100};0,9329345931971073;0,002203590045458253;347
16,82640895843506;0,5022323770909659;1,092669630050659;0,09076129556266621;5;sqrt;2;2;100;{'max_depth': 5, 'max_features': 'sqrt', 'min_samples_leaf': 2, 'min_samples_split': 2, 'n_estimators': 100};0,9329345931971073;0,002203590045458253;347
16,759601402282716;0,48840850159281723;1,101924753189087;0,04843666120396085;5;log2;1;2;100;{'max_depth': 5, 'max_features': 'log2', 'min_samples_leaf': 1, 'min_samples_split': 2, 'n_estimators': 100};0,9328843135169789;0,0020219237931073724;349
16,405913496017455;0,42185288704362883;0,7541007995605469;0,2212264405463913;5;sqrt;1;2;100;{'max_depth': 5, 'max_features': 'sqrt', 'min_samples_leaf': 1, 'min_samples_split': 2, 'n_estimators': 100};0,9328843135169789;0,0020219237931073724;349
16,97383165359497;0,51221152690481;1,1200781345367432;0,03847260148816508;5;log2;1;10;100;{'max_depth': 5, 'max_features': 'log2', 'min_samples_leaf': 1, 'min_samples_split': 10, 'n_estimators': 100};0,9328340433146414;0,002411714558173291;351
16,682663917541504;0,49015140891856085;1,1120487689971923;0,04495606138579359;5;sqrt;1;10;100;{'max_depth': 5, 'max_features': 'sqrt', 'min_samples_leaf': 1, 'min_samples_split': 10, 'n_estimators': 100};0,9328340433146414;0,002411714558173291;351
16,835095262527467;0,2684863087004003;0,9766892433166504;0,08666031713890777;5;sqrt;2;10;100;{'max_depth': 5, 'max_features': 'sqrt', 'min_samples_leaf': 2, 'min_samples_split': 10, 'n_estimators': 100};0,9328089082134726;0,002180473596694218;353
17,02100510597229;0,39017756087840966;1,1494857311248778;0,08370321680584639;5;log2;2;10;100;{'max_depth': 5, 'max_features': 'log2', 'min_samples_leaf': 2, 'min_samples_split': 10, 'n_estimators': 100};0,9328089082134726;0,002180473596694218;353
16,745414686203002;0,3066160363353424;1,0361971378326416;0,09136497003640358;5;sqrt;4;10;100;{'max_depth': 5, 'max_features': 'sqrt', 'min_samples_leaf': 4, 'min_samples_split': 10, 'n_estimators': 100};0,9327334965914391;0,0024231826009686775;355
16,598944997787477;0,4682177218785919;1,0284286499023438;0,05081315012341826;5;log2;4;10;100;{'max_depth': 5, 'max_features': 'log2', 'min_samples_leaf': 4, 'min_samples_split': 10, 'n_estimators': 100};0,9327334965914391;0,0024231826009686775;355
16,515084409713744;0,5710645326097774;1,0271210670471191;0,048290178122710734;5;log2;4;2;100;{'max_depth': 5, 'max_features': 'log2', 'min_samples_leaf': 4, 'min_samples_split': 2, 'n_estimators': 100};0,9322559012358598;0,0025258444281171066;357
16,851730155944825;0,46856326832481965;1,0579448699951173;0,088540674108241;5;sqrt;4;5;100;{'max_depth': 5, 'max_features': 'sqrt', 'min_samples_leaf': 4, 'min_samples_split': 5, 'n_estimators': 100};0,9322559012358598;0,0025258444281171066;357
16,892387628555298;0,4404839071650238;1,0739993095397948;0,06744550756914923;5;sqrt;4;2;100;{'max_depth': 5, 'max_features': 'sqrt', 'min_samples_leaf': 4, 'min_samples_split': 2, 'n_estimators': 100};0,9322559012358598;0,0025258444281171066;357
16,55202445983887;0,4005766689392768;0,975077772140503;0,07061227575339185;5;log2;4;5;100;{'max_depth': 5, 'max_features': 'log2', 'min_samples_leaf': 4, 'min_samples_split': 5, 'n_estimators': 100};0,9322559012358598;0,0025258444281171066;357
